poi_id,poi_tier,baseline_total_visits,optimized_total_visits,delta_visits,delta_visits_pct,positive_increment_received,removed_flow,net_flow_change,n_active_links_before,n_active_links_after,delta_active_links,n_new_positive_links,n_removed_positive_links,n_retained_positive_links,spse_contribution_before,spse_contribution_after,delta_spse_contribution,spse_from_new_links,spse_lost_from_removed_links,spse_change_on_retained_links,mean_delta_structural_social_exposure_per_visiting_cbg,mean_delta_structural_social_exposure_per_baseline_visiting_cbg,mean_delta_structural_social_exposure_per_union_visiting_cbg,weighted_contribution_before,weighted_contribution_after,delta_weighted_contribution,weighted_added_contribution,weighted_removed_contribution,flow_weighted_exposure_before,flow_weighted_exposure_after,delta_flow_weighted_exposure,added_origin_income_score,baseline_origin_income_score,optimized_origin_income_score,delta_origin_income_score,flow_weighted_distance_before,flow_weighted_distance_after,delta_flow_weighted_distance_km,delta_exposure_field_all_cbgs,mean_delta_exposure_field_all_cbgs,delta_exposure_field_active_union,mean_delta_exposure_field_active_union
zzw-222@62j-qst-87q,Top 10% baseline-flow POIs,377.0,251.0,-126.0,-33.42175066312997,5.0,131.0,-126.0,69,70,1,1,0,69,39.36758165926565,40.15326987573772,0.7856882164720673,0.6712009910631599,0.0,0.1144872254089182,0.01122411737817239,0.01138678574597199,0.01122411737817239,213.29474650534354,142.85335893852036,-70.44138756682318,3.513264494106032,74.36930047304959,0.5657685583696116,0.5691368882012764,0.003368329831664796,2.769020677447634,3.3129063483389274,3.311718774117619,-0.0011875742213085516,10.107643635713778,7.655598774710026,-2.4520448610037517,0.6047283242107427,0.00082953130893106,0.11350719586808944,0.001621531369544135
222-222@62j-sx7-xwk,Top 10% baseline-flow POIs,365.0,187.0,-178.0,-48.76712328767123,2.0,180.0,-178.0,56,57,1,1,0,56,33.67053563127757,34.91111778674531,1.2405821554677345,0.6051470769238071,0.0,0.6354350785439319,0.021764599218732184,0.022153252776209546,0.021764599218732184,212.79587245984857,113.5624254012636,-99.23344705858497,1.2102941538476142,102.56970322449743,0.583002390300955,0.6072856973329605,0.02428330703200543,3.2899628252788107,3.3007651869912404,3.235574759547821,-0.06519042744341963,6.1945571743133865,4.4421862954568825,-1.752370878856504,6.562207686514354,0.009001656634450416,0.648586205251344,0.011378705355286737
222-222@62j-szw-wp9,Top 10% baseline-flow POIs,314.0,234.0,-80.0,-25.477707006369428,21.0,101.0,-80.0,58,62,4,4,0,58,38.81027973408314,41.08756970710521,2.2772899730220715,2.451929703665394,0.0,-0.17463973064331495,0.036730483435839865,0.03926362022451847,0.036730483435839865,208.13794871044348,153.55795187249507,-54.579996837948414,13.112328834709029,66.99701405471319,0.6628597092689282,0.6562305635576712,-0.006629145711257056,3.3178032650408644,3.105641571762907,3.1229842064653104,0.01734263470240327,5.87575805070859,4.42025546000285,-1.4555025907057395,-2.4501337240378476,-0.003360951610477157,-0.19580209612311283,-0.003158098324566336
zzw-222@62j-sgx-mc5,Top 10% baseline-flow POIs,220.0,293.0,73.0,33.18181818181819,101.0,28.0,73.0,49,79,30,30,0,49,35.9521958696454,55.70628380261922,19.754087932973817,20.193480364296118,0.0,-0.43939243132229566,0.25005174598701035,0.40314465169334324,0.25005174598701035,161.2856439713733,207.13924805935088,45.85360408797757,68.35184798609822,20.59293943861399,0.7331165635062424,0.7069598909875456,-0.0261566725186968,3.1602516387279325,2.704770276179681,2.8552515521343254,0.15048127595464456,4.307869715071835,4.479476750250923,0.17160703517908793,-17.613313757549932,-0.024160924221604846,-1.4013587327301251,-0.01773871813582437
zzy-222@62j-sf9-qzz,Top 10% baseline-flow POIs,198.0,154.0,-44.0,-22.22222222222222,18.0,62.0,-44.0,42,46,4,4,0,42,22.440116215311235,26.169757683305782,3.729641467994547,2.5178308131424094,0.0,1.21181065485214,0.08107916234770754,0.0888009873332035,0.08107916234770754,106.29556327468234,90.83902490147509,-15.456538373207252,11.436008498557722,30.352630092137005,0.5368462791650623,0.5898637980615266,0.05301751889646422,3.107402719269263,3.375335840577069,3.2779170511050535,-0.09741878947201554,4.312762915141817,3.6522402906163567,-0.6605226245254601,12.791514988259367,0.017546659791850983,1.2795379391488328,0.02781604215540941
222-222@62j-stv-xh5,Middle 40% baseline-flow POIs,176.0,109.0,-67.0,-38.06818181818182,6.0,73.0,-67.0,31,32,1,1,0,31,16.78825967320922,17.480865249480537,0.6926055762713155,0.5930613042424169,0.0,0.09954427202889904,0.02164392425847861,0.022342115363590823,0.02164392425847861,93.26606801128773,58.49008724210209,-34.77598076918564,3.377807791808019,38.49694574521191,0.5299208409732257,0.5366063049734138,0.006685464000188102,3.3289953046540983,3.42870519747746,3.411438802279479,-0.017266395197981232,5.177311655176701,3.0956056602202477,-2.081705994956453,1.5241059221887867,0.0020906802773508733,0.10197836729069976,0.0031868239778343674
226-222@62j-sj7-qj9,Middle 40% baseline-flow POIs,168.0,188.0,20.0,11.904761904761903,46.0,26.0,20.0,34,48,14,14,0,34,24.19269731456567,32.94943200123706,8.756734686671386,9.06396156519179,0.0,-0.30722687852039765,0.18243197263898722,0.25755102019621723,0.18243197263898722,119.71056693311425,130.11370045506123,10.403133521946984,29.5833536351942,18.36093208774318,0.7125628984113942,0.6920941513567087,-0.020468747054685488,3.4148399665446907,2.8907758487677992,3.0057735493856312,0.11499770061783199,4.92033862307552,4.369212462837577,-0.5511261602379429,-16.00993038704975,-0.021961495729835048,-0.857834310277659,-0.01787154813078456
222-222@62j-t54-8gk,Middle 40% baseline-flow POIs,165.0,232.0,67.0,40.60606060606061,97.0,30.0,67.0,40,59,19,19,0,40,29.041965044326517,40.422180406566824,11.380215362240307,11.941178139073056,0.0,-0.5609627768327446,0.19288500613966622,0.28450538405600767,0.19288500613966622,119.88849307190179,158.95038081639913,39.06188774449734,62.009535916459754,21.496746755556927,0.7265969277084957,0.6851309517948239,-0.04146597591367185,3.40384640435198,2.8163854411694045,3.037947117976351,0.22156167680694638,8.167453254307839,6.465889437528053,-1.7015638167797862,-25.237564918612573,-0.03461943061538076,-1.6373962719937474,-0.0277524791863347
zzw-222@62j-wq5-ygk,Middle 40% baseline-flow POIs,161.0,167.0,6.0,3.7267080745341614,9.0,3.0,6.0,22,24,2,2,0,22,14.059482769823363,15.26204311958135,1.2025603497579862,1.2651940682738245,0.0,-0.06263371851583732,0.050106681239916094,0.05466183407990846,0.050106681239916094,104.02975597689317,107.00940873830359,2.9796527614104207,5.485452843340119,2.0833461819956973,0.6461475526515105,0.6407749026245724,-0.005372650026938097,3.3659722332633235,3.1768568478559045,3.1919708453628686,0.015113997506964072,5.390174776587972,5.489119681714782,0.09894490512681031,-1.9042311597996306,-0.002612114073799219,-0.06833855286874535,-0.0028474397028643897
222-222@62j-sxz-9xq,Middle 40% baseline-flow POIs,157.0,175.0,18.0,11.464968152866243,60.0,42.0,18.0,37,50,13,13,0,37,24.384999456940744,32.4963993884226,8.11139993148186,8.089295178793154,0.0,0.02210475268870349,0.1622279986296372,0.21922702517518539,0.1622279986296372,103.47865556869785,115.53639047207926,12.057734903381416,39.103760261512605,27.104335298671586,0.6590997169980756,0.6602079455547387,0.001108228556663149,3.1510174551086765,3.1120441351399295,3.0984734577837565,-0.013570677356173011,5.096712385404875,4.635020999690613,-0.4616913857142624,0.44058687406374974,0.0006043715693604249,0.029601451730573936,0.0005920290346114787
222-222@62k-2jw-bp9,Middle 40% baseline-flow POIs,157.0,153.0,-4.0,-2.547770700636943,11.0,15.0,-4.0,29,32,3,3,0,29,19.899561377891466,21.95329823050823,2.0537368526167654,2.0098903715330314,0.0,0.04384648108373679,0.06417927664427392,0.07081851215919881,0.06417927664427392,108.59356288222585,106.25033680062795,-2.343226081597905,7.307167906920554,9.841428101213477,0.6916787444727761,0.6944466457557383,0.0027679012829622263,3.2611672988492133,3.0327403277677556,3.0182486698676754,-0.014491657900080224,10.881121594294806,9.346843864174478,-1.534277730120328,0.933221331437826,0.0012801390006005845,0.04842221992757567,0.0015131943727367397
zzw-222@62j-pvd-whq,Middle 40% baseline-flow POIs,129.0,60.0,-69.0,-53.48837209302325,2.0,71.0,-69.0,29,29,0,0,0,29,17.705322045607954,18.15575064997198,0.45042860436402776,0.0,0.0,0.4504286043640273,0.015532020840138888,0.015532020840138888,0.015532020840138888,78.84478944639369,38.41139609848605,-40.43339334790764,1.2718570012056736,42.49188431535848,0.6111999181890982,0.6401899349747675,0.02899001678566926,3.2332474226804124,3.234058911441603,3.1428822239657124,-0.0911766874758908,14.083797674831738,9.47044359434046,-4.613354080491277,9.129427247580864,0.012523219818355094,0.4504286043640273,0.015532020840138872
zzw-222@62k-p2d-9fz,Middle 40% baseline-flow POIs,129.0,108.0,-21.0,-16.27906976744186,6.0,27.0,-21.0,23,23,0,0,0,23,13.54929137376352,13.768702875418922,0.21941150165540257,0.0,0.0,0.2194115016554029,0.009539630506756634,0.009539630506756634,0.009539630506756634,75.99246951408252,65.55274923509106,-10.439720278991459,3.3517778118723007,14.6396530632577,0.58908891096188,0.6069699003249172,0.01788098936303717,3.5253807106598987,3.29813306802689,3.256904738112351,-0.041228329914539064,8.387136635499912,5.949043519266797,-2.438093116233115,5.115253329226729,0.007016808407718421,0.2194115016554029,0.009539630506756647
222-222@62j-srj-tgk,Middle 40% baseline-flow POIs,110.0,107.0,-3.0,-2.727272727272727,13.0,16.0,-3.0,25,29,4,4,0,25,15.213825652141175,17.71330136414202,2.4994757120008444,2.3870862434682207,0.0,0.11238946853262477,0.08618881765520153,0.09997902848003377,0.08618881765520153,67.17078121286235,66.27300823963458,-0.8977729732277737,7.921151066451724,9.219099158687008,0.6106434655714761,0.6193739087816316,0.00873044321015548,3.1990464401294525,3.220638541852263,3.196760806227563,-0.02387773562469997,7.3937424797202675,4.672235411265509,-2.721507068454758,2.6048280132020976,0.003573152281484359,0.1323919620397187,0.004565240070335127
224-223@62j-sh4-45f,Middle 40% baseline-flow POIs,110.0,58.0,-52.0,-47.27272727272727,6.0,58.0,-52.0,26,28,2,2,0,26,12.94586686769405,15.127223537830853,2.181356670136802,1.2912626783751098,0.0,0.8900939917616931,0.07790559536202865,0.08389833346680008,0.07790559536202865,54.51990989242351,32.428878550023086,-22.091031342400427,3.823697821964047,27.54433713764014,0.49563554447657737,0.5591185956900531,0.0634830512134757,3.2662196396786674,3.444770867754161,3.3445121278859555,-0.10025873986820555,4.791691649373601,4.0320233046062635,-0.7596683447673378,13.634752125424086,0.01870336368370931,0.8979187778702001,0.032068527781078576
225-222@62j-rz2-yd9,Middle 40% baseline-flow POIs,108.0,169.0,61.0,56.481481481481474,70.0,9.0,61.0,22,41,19,19,0,22,15.710182230393043,27.909382157478703,12.19919992708566,12.461871303410923,0.0,-0.2626713763252617,0.2975414616362356,0.5545090875948028,0.2975414616362356,77.42027250553892,116.7813386747962,39.361066169257285,46.93527130623923,6.482605789663885,0.7168543750512865,0.6910138383124037,-0.025840536738882758,3.175594470790457,2.8687662514011065,2.992397276100265,0.12363102469915832,4.644835216659665,5.2286489887585015,0.5838137720988366,-13.010985934694316,-0.017847717331542272,-0.7281883994989384,-0.017760692670705815
222-222@62j-t2b-5zz,Middle 40% baseline-flow POIs,100.0,200.0,100.0,100.0,126.0,26.0,100.0,25,58,33,33,0,25,18.64269187949775,40.78742367381822,22.144731794320467,22.013767972934858,0.0,0.13096382138560558,0.3818057205917322,0.8857892717728187,0.3818057205917322,74.57076751799102,141.98949249724078,67.41872497924976,86.16382321970215,19.440478073327586,0.74570767517991,0.7099474624862039,-0.035760212693706106,3.202059706951594,2.4503850834273364,2.9065876098721315,0.4562025264447951,3.7507144946002615,3.252742528410768,-0.49797196618949346,-46.34621472934704,-0.06357505449841844,-2.8814332747469122,-0.049679884047360554
zzw-222@62j-sz6-3wk,Middle 40% baseline-flow POIs,84.0,110.0,26.0,30.952380952380953,39.0,13.0,26.0,20,33,13,13,0,20,14.008409381378668,21.653133735223907,7.644724353845239,7.874224173230847,0.0,-0.2294998193856056,0.23165831375288604,0.38223621769226196,0.23165831375288604,58.802090318723316,72.97592806257278,14.173837743849461,24.055216166200193,9.04421199290946,0.7000248847467062,0.6634175278415707,-0.0366073569051355,3.3493959762825787,2.9782182925295104,3.1071659661084325,0.12894767357892212,4.117021339412803,3.888859901785216,-0.22816143762758712,-18.990584601418256,-0.02605018463843382,-0.8938228646243569,-0.027085541352253238
zzw-222@62j-ptr-389,Middle 40% baseline-flow POIs,82.0,87.0,5.0,6.097560975609756,14.0,9.0,5.0,12,14,2,2,0,12,7.469521993146701,9.09519591471053,1.6256739215638287,1.593815309288817,0.0,0.03185861227501097,0.11611956582598777,0.13547282679698572,0.11611956582598777,50.3354228518623,53.89700905487889,3.5615862030165957,9.269734472178307,5.926642080547694,0.6138466201446622,0.6195058512055044,0.005659231060842207,3.033478994757417,3.25261786995999,3.2458968148995107,-0.006721055060479486,6.651594237483309,4.247425385310312,-2.4041688521729965,1.6188217772918312,0.0022206060045155433,0.025677910918155855,0.0018341364941539897
zzw-223@62j-r5v-kcq,Middle 40% baseline-flow POIs,78.0,95.0,17.0,21.794871794871796,29.0,12.0,17.0,19,27,8,8,0,19,12.42256497213236,18.529160832535656,6.106595860403296,5.741643680875809,0.0,0.3649521795274886,0.2261702170519739,0.32139978212648923,0.2261702170519739,51.07159646262298,65.3777529429845,14.306156480361523,20.92713861687057,7.889372427975021,0.6547640572131151,0.6881868730840474,0.03342281587093221,2.792255544735378,3.095134715872568,2.998084600899936,-0.09705011497263216,5.831515060186441,3.4067461836597888,-2.4247688765266524,12.916168204315007,0.017717651857770928,0.3974126229756536,0.014718986036135319
222-222@62j-rgz-n5z,Middle 40% baseline-flow POIs,65.0,122.0,57.0,87.6923076923077,72.0,15.0,57.0,15,33,18,18,0,15,9.770036984501955,21.894701283014328,12.124664298512373,12.041555710405191,0.0,0.08310858810718158,0.3674140696518901,0.8083109532341582,0.3674140696518901,42.61996290958969,81.19159107724315,38.57162816765346,47.9904330236655,9.66576591919205,0.6556917370706106,0.6655048448954356,0.00981310782482503,3.064799531320186,3.1229780498928457,3.0780810274386146,-0.044897022454231106,8.221485058239344,4.060226274568611,-4.161258783670733,3.3172971505549262,0.004550476201035564,0.1618206267143818,0.004903655354981266
227-222@62j-shr-wp9,Middle 40% baseline-flow POIs,56.0,48.0,-8.0,-14.285714285714285,13.0,21.0,-8.0,14,17,3,3,0,14,9.414483729886134,11.273507249263076,1.859023519376942,1.9826365163437758,0.0,-0.12361299696683437,0.10935432466923188,0.13278739424121014,0.10935432466923188,37.65793491954453,31.285493360515744,-6.372441559028786,8.443401381992516,14.45203169988869,0.6724631235632953,0.6517811116774114,-0.020682011885883922,2.9962497474649936,3.0698828799056623,3.1029434381658625,0.03306055826020016,4.775861968759962,4.178981981654958,-0.5968799871050043,-7.6722474219374135,-0.010524344886059552,-0.1667104708995779,-0.009806498288210466
zzw-222@62k-pc7-ckf,Bottom 50% baseline-flow POIs,54.0,107.0,53.0,98.14814814814815,60.0,7.0,53.0,13,34,21,21,0,13,9.587105185986742,22.921924974187736,13.334819788200994,13.435557005137339,0.0,-0.10073721693634596,0.39220058200591157,1.0257553683231533,0.39220058200591157,39.835587817237155,73.02368405841943,33.18809624118228,38.94045103335573,5.287219317426313,0.737696070689577,0.6824643369945741,-0.055231733695002894,3.292529919404361,2.680764747279178,3.042490995215311,0.36172624793613295,4.809320874334471,7.038441674958195,2.2291208006237238,-40.74736487198348,-0.05589487636760422,-1.8623250754762635,-0.054774266925772454
zzw-222@62j-pst-2c5,Middle 40% baseline-flow POIs,54.0,65.0,11.0,20.37037037037037,46.0,35.0,11.0,13,27,14,14,0,13,8.751711731536842,17.408047428094523,8.656335696557681,8.796847824878913,0.0,-0.14051212832123128,0.32060502579843264,0.6658719766582831,0.32060502579843264,36.20394791087184,41.86592309733918,5.6619751864673376,29.249557244655854,23.39775283706031,0.6704434798309601,0.6440911245744488,-0.02635235525651125,3.175289915141725,3.0313836601255537,3.1209991653047577,0.08961550517920402,15.072082495154122,6.097733755831197,-8.974348739322926,-9.028317034372225,-0.012384522680894685,-0.40062384498090564,-0.014837920184477986
zzw-222@62k-2kw-dy9,Bottom 50% baseline-flow POIs,53.0,54.0,1.0,1.8867924528301887,4.0,3.0,1.0,9,10,1,1,0,9,5.6407878278420736,6.296443237575207,0.6556554097331331,0.658374715718762,0.0,-0.0027193059856285284,0.06556554097331331,0.07285060108145923,0.06556554097331331,33.23698750510735,33.856742598700606,0.6197550935932554,2.568657191536291,1.9437203537862917,0.6271129717944783,0.626976714790752,-0.00013625700372632554,3.1345082470608885,3.2594627615973537,3.2546712207419906,-0.004791540855363152,8.823965642287323,8.450569708278126,-0.37339593400919746,-0.43686001431426535,-0.0005992592788947399,-0.0029485743442771994,-0.00029485743442771997
227-222@62j-sgt-v9f,Bottom 50% baseline-flow POIs,53.0,77.0,24.0,45.28301886792453,36.0,12.0,24.0,13,27,14,14,0,13,9.294872514000808,18.309588018916244,9.014715504915436,9.17814458161817,0.0,-0.16342907670273898,0.33387835203390503,0.6934396542242643,0.33387835203390503,37.895136916945745,52.63832800250425,14.743191085558507,23.842880472979814,8.595572958202204,0.715002583338599,0.6836146493831722,-0.03138793395542683,3.161591549986114,2.804939757544883,2.951970579037522,0.14703082149263924,3.529163326909482,4.545492213530432,1.0163288866209497,-16.23462181953051,-0.022269714430083003,-0.5510539091677129,-0.020409404043248626
224-222@62j-wgx-ndv,Bottom 50% baseline-flow POIs,41.0,41.0,0.0,0.0,3.0,3.0,0.0,10,11,1,1,0,10,6.487288751497222,7.292960674599894,0.8056719231026719,0.7041990417295583,0.0,0.10147288137311361,0.0732429021002429,0.08056719231026718,0.0732429021002429,26.566724451881107,27.342779235253722,0.776054783372615,2.1125971251886746,1.6902455200094415,0.6479688890702708,0.6668970545183835,0.01892816544811271,2.9028571428571426,3.1608356302843004,3.1101450493738074,-0.050690580910492944,5.909865705089678,6.1063072200724084,0.19644151498273033,6.733620144699347,0.009236790321946978,0.10316198205936977,0.009378362005397252
225-222@62j-pjj-nbk,Bottom 50% baseline-flow POIs,37.0,63.0,26.0,70.27027027027027,29.0,3.0,26.0,9,18,9,9,0,9,6.400767671461281,12.04614380078916,5.645376129327879,5.786277626485573,0.0,-0.1409014971576945,0.31363200718488216,0.6272640143697643,0.31363200718488216,26.345838047953592,42.35621789879559,16.010379850842,18.78539385410902,2.2427924053613406,0.7120496769717187,0.6723209190285013,-0.039728757943217397,3.271405570575877,2.9347131783120535,3.108490795819251,0.17377761750719767,5.111118080088477,4.961436860144481,-0.14968121994399564,-21.124518211061385,-0.028977391236023848,-0.4760374961346314,-0.026446527563035078
zzw-222@62j-x3r-gzf,Bottom 50% baseline-flow POIs,34.0,37.0,3.0,8.823529411764707,3.0,0.0,3.0,8,9,1,1,0,8,5.509360693710267,6.183798419252248,0.6744377255419813,0.6802080255438625,0.0,-0.005770300001881723,0.07493752506022015,0.08430471569274767,0.07493752506022015,23.448971796768106,25.46577337544731,2.0168015786792033,2.0406240766315875,0.0,0.6896756410814149,0.6882641452823598,-0.0014114957990550847,3.0981697171381035,3.0304629297686922,3.0359526692851313,0.005489739516439052,10.380165719172135,11.590234059388605,1.2100683402164698,-0.6116405750145868,-0.0008390131344507363,-0.006596421184157042,-0.0007329356871285602
222-224@62k-nyw-4gk,Bottom 50% baseline-flow POIs,32.0,28.0,-4.0,-12.5,5.0,9.0,-4.0,8,10,2,2,0,8,4.113823271241998,5.256085805124583,1.142262533882585,1.1115892180304585,0.0,0.030673315852126848,0.1142262533882585,0.14278281673532311,0.1142262533882585,16.45529308496799,14.596502771350957,-1.8587903136170336,2.8666480092548214,4.815807144170875,0.5142279089052497,0.5213036704053914,0.007075761500141664,3.095792594133555,3.457666388068686,3.4191285270178904,-0.03853786105079582,9.043884988002418,6.438855792371532,-2.6050291956308858,2.063547561296419,0.00283065509094159,0.03156384366345377,0.003156384366345377
228-222@62k-pc7-d5f,Bottom 50% baseline-flow POIs,28.0,56.0,28.0,100.0,34.0,6.0,28.0,6,20,14,14,0,6,4.464091337416207,13.543003878815256,9.078912541399049,8.93596976023009,0.0,0.14294278116895887,0.45394562706995245,1.5131520902331748,0.45394562706995245,20.815739640986195,38.62329925238312,17.807559611396925,21.761348817536764,4.45881062130314,0.7434192728923641,0.6897017723639843,-0.05371750052837976,3.4081172765738748,2.396426794635793,3.007512153661319,0.6110853590255259,4.115820800794794,6.545187127878479,2.4293663270836845,-67.48814473934726,-0.09257633023230077,-1.8311450764784933,-0.09155725382392467
222-222@62j-rk3-rtv,Bottom 50% baseline-flow POIs,24.0,48.0,24.0,100.0,42.0,18.0,24.0,6,22,16,16,0,6,4.267485323277447,12.407489821680429,8.14000449840298,8.525097076450177,0.0,-0.38509257804719677,0.37000020447286275,1.3566674164004968,0.37000020447286275,17.06994129310979,22.429644093984287,5.359702800874498,18.54725134875404,12.80245596983234,0.7112475538795745,0.46728425195800605,-0.24396330192156845,3.5823919152785697,2.8339208346723677,3.488833030202794,0.6549121955304265,10.820038012798216,6.879986557856601,-3.9400514549416155,-73.89231111859871,-0.10136119495006682,-2.6147352071431573,-0.11885160032468897
222-222@62j-shb-t9z,Bottom 50% baseline-flow POIs,24.0,38.0,14.0,58.333333333333336,22.0,8.0,14.0,6,16,10,10,0,6,3.570824132049349,9.569120552947744,5.998296420898395,5.925712789641856,0.0,0.0725836312565381,0.3748935263061497,0.9997160701497325,0.3748935263061497,14.283296528197397,22.61684127892687,8.333544750729473,12.874216132410037,4.67065209212951,0.5951373553415581,0.5951800336559703,4.267831441218117e-05,3.2670975544303342,3.3457018307573443,3.2903266306208963,-0.05537520013644803,1.3999871300685882,2.3188779281964442,0.918890798127856,-5.988266567905546,-0.008214357431969199,-0.2008943966817609,-0.012555899792610056
22j-222@62j-sk3-jn5,Bottom 50% baseline-flow POIs,24.0,21.0,-3.0,-12.5,7.0,10.0,-3.0,6,10,4,4,0,6,4.197505903189298,6.3930805856607975,2.1955746824714995,2.320948148061755,0.0,-0.1253734655902553,0.21955746824714995,0.3659291137452499,0.21955746824714995,16.790023612757192,13.394612951009492,-3.3954106617477002,4.098062857307024,7.062825012993688,0.6995843171982163,0.6378387119528331,-0.061745605245383195,3.443748953519396,2.9711399826641594,3.1440181709632653,0.17287818829910595,5.530901585923431,4.16499732764398,-1.3659042582794507,-24.971982082785722,-0.034255119455124446,-0.3779623889216861,-0.03779623889216861
zzw-222@62j-rg6-kj9,Bottom 50% baseline-flow POIs,24.0,24.0,0.0,0.0,3.0,3.0,0.0,6,7,1,1,0,6,3.4152739023710112,4.159273147205556,0.7439992448345447,0.6678571518332974,0.0,0.0761420930012473,0.10628560640493497,0.12399987413909079,0.10628560640493497,13.661095609484043,14.243310124729938,0.5822145152458944,2.003571455499892,1.6839629187568508,0.5692123170618352,0.5934712551970808,0.0242589381352456,2.9689265536723166,3.402543593886621,3.3463718313963136,-0.05617176249030731,5.874506425515661,6.310564991549686,0.43605856603402504,6.793076662343205,0.009318349331060639,0.08115548124726468,0.011593640178180669
222-222@62k-r96-syv,Bottom 50% baseline-flow POIs,17.0,8.0,-9.0,-52.94117647058824,3.0,12.0,-9.0,4,5,1,1,0,4,2.158189832707877,2.926460127238279,0.7682702945304021,0.6473800326846509,0.0,0.12089026184575113,0.15365405890608042,0.19206757363260052,0.15365405890608042,9.216469939179667,4.752497219343261,-4.4639727198364065,1.9421400980539527,6.559957913696525,0.5421452905399804,0.5940621524179076,0.05191686187792721,3.1207289293849656,3.3516162675172705,3.3061784945323773,-0.045437772984893154,9.34235595077551,7.465469092942042,-1.8768868578334672,11.832837422165909,0.016231601402148025,0.12682240256118282,0.025364480512236564
223-224@62j-sj4-68v,Bottom 50% baseline-flow POIs,13.0,26.0,13.0,100.0,16.0,3.0,13.0,3,15,12,12,0,3,2.124852152400038,9.82418211035236,7.6993299579523224,7.503259615553209,0.0,0.19607034239911547,0.5132886638634881,2.566443319317441,0.5132886638634881,9.197518124292134,17.680087845692928,8.482569721400793,10.05235059263007,2.1255534175061874,0.7075013941763179,0.6800033786804971,-0.02749801549582076,3.3630112949525977,2.1366672369576447,2.922551607251481,0.7858843702938363,0.7045114361329521,6.697499361113098,5.992987924980146,-84.47633334971769,-0.11587974396394746,-2.1011101649940005,-0.14007401099960004
zzw-222@62k-fk7-ygk,Bottom 50% baseline-flow POIs,8.0,8.0,0.0,0.0,6.0,6.0,0.0,2,3,1,1,0,2,1.2630367336657051,1.8076717407926484,0.5446350071269432,0.5686255113000489,0.0,-0.023990504173105553,0.18154500237564775,0.2723175035634716,0.18154500237564775,5.0521469346628205,4.650799297292893,-0.40134763736992785,3.4117530678002934,3.789110200997115,0.6315183668328526,0.5813499121616116,-0.05016845467124098,3.3569482288828336,3.24662157401536,3.329366565165965,0.08274499115060507,18.454650048809654,7.309554891446929,-11.145095157362725,-17.416625933948957,-0.023891119250958787,-0.07088969025717218,-0.023629896752390727
223-222@62k-rcm-nwk,Bottom 50% baseline-flow POIs,8.0,16.0,8.0,100.0,8.0,0.0,8.0,2,8,6,6,0,2,1.3376904127314244,5.214683170979807,3.8769927582483827,3.897355903776108,0.0,-0.020363145527725446,0.48462409478104784,1.9384963791241914,0.48462409478104784,5.350761650925698,10.350698617691268,4.999936966765571,5.081389548876473,0.0,0.6688452063657122,0.6469186636057044,-0.021926542760007828,3.214801451715934,3.0400027722687826,3.1274021119923585,0.08739933972357594,5.359435679754674,5.906812687395341,0.5473770076406668,-8.239785993008109,-0.011302861444455569,-0.08966562075127882,-0.011208202593909852
224-222@62k-pjg-575,Bottom 50% baseline-flow POIs,8.0,4.0,-4.0,-50.0,2.0,6.0,-4.0,2,4,2,2,0,2,0.44087752210611564,2.024212450437293,1.5833349283311775,1.2418681987584486,0.0,0.34146672957272883,0.3958337320827944,0.7916674641655888,0.3958337320827944,1.7635100884244626,2.024212450437293,0.2607023620128306,1.2418681987584486,1.322632566318347,0.22043876105305782,0.5060531126093233,0.28561435155626547,3.001282310859149,3.7369526497966867,3.369117480327918,-0.3678351694687687,4.955252738520656,6.48189605795299,1.526643319432334,46.6869571005357,0.06404246515848519,0.45952394707960464,0.11488098676990116
222-222@62k-2b5-wp9,Bottom 50% baseline-flow POIs,5.0,10.0,5.0,100.0,5.0,0.0,5.0,1,2,1,1,0,1,0.6217495524880583,1.2223718807372241,0.6006223282491658,0.6015833829069996,0.0,-0.0009610546578338042,0.3003111641245829,0.6006223282491658,0.3003111641245829,3.1087477624402915,6.169474748455795,3.0607269860155037,3.065532259304673,0.0,0.6217495524880583,0.6169474748455795,-0.004802077642478753,3.3320557491289207,3.281068524970965,3.306562137049943,0.025493612078978156,2.1767934895613053,2.130009938483284,-0.04678355107802146,-6.512205030019317,-0.00893306588480016,-0.016321950949723663,-0.008160975474861831
222-223@62j-sjh-6kz,Bottom 50% baseline-flow POIs,4.0,8.0,4.0,100.0,7.0,3.0,4.0,1,7,6,6,0,1,0.6809523809523809,4.73817806167259,4.057225680720209,3.988922294716289,0.0,0.0683033860039205,0.5796036686743156,4.057225680720209,0.5796036686743156,2.7238095238095235,5.492150673869965,2.7683411500604413,4.742894906913664,2.0428571428571427,0.6809523809523809,0.6865188342337456,0.005566453281364736,3.0056653182039237,2.1476190476190475,2.898409534380814,0.7507904867617663,3.92256711052884,6.772123003322268,2.849555892793428,-68.7089173115559,-0.09425091537936336,-0.5562530183747406,-0.07946471691067723
223-224@62j-sj2-snq,Bottom 50% baseline-flow POIs,4.0,8.0,4.0,100.0,7.0,3.0,4.0,1,8,7,7,0,1,0.4794533000802341,5.212092787400774,4.73263948732054,4.622784771712367,0.0,0.1098547156081735,0.5915799359150675,4.73263948732054,0.5915799359150675,1.9178132003209365,5.212092787400775,3.2942795870798385,4.622784771712367,1.4383599002407024,0.4794533000802341,0.6515115984250968,0.17205829834486264,3.0530078967524212,3.3717693836978135,3.092853082620595,-0.27891630107721843,2.892704432069666,4.524985267179847,1.6322808351101812,40.7563762915892,0.05590723771137064,0.49762866189351396,0.062203582736689245
23v-222@62k-pc7-8qf,Bottom 50% baseline-flow POIs,4.0,8.0,4.0,100.0,6.0,2.0,4.0,1,7,6,6,0,1,0.6974554323038893,4.863245635996027,4.165790203692138,4.16697117161501,0.0,-0.0011809679228722558,0.595112886241734,4.165790203692138,0.595112886241734,2.789821729215557,5.5595201003770445,2.7696983711614873,4.16697117161501,1.3949108646077786,0.6974554323038893,0.6949400125471306,-0.00251541975675873,2.9689907471031254,2.955854126679463,2.9657065919972094,0.009852465317746528,5.12428336488623,8.537758722487856,3.4134753576016266,-0.9918335336809221,-0.0013605398267228011,-0.009494646748219426,-0.0013563781068884895
