f_values_iter,distances_iter,social_iter,social_iter_weight,diff_iter
-115483.13046617081,27384.944876356923,530.9650274214996,2583.5120580869852,15.231546211727817
-116582.2651600154,25992.312588079025,539.827781998712,2589.244985513118,15.491933384829668
-117185.5649799145,25054.20708817966,547.492247629612,2593.7069209187284,16.492422502470642
-117686.15292035973,24506.676464070864,555.0427727467585,2598.3529400197094,15.748015748023622
-118135.6543045839,23918.013856913785,562.1831320902567,2600.082294984679,15.362291495737216
-118446.875426183,23413.549701082433,570.2062520413756,2602.290560554932,16.492422502470642
-118766.75171618086,23049.94901529671,576.6696774018196,2604.660210745427,16.911534525287763
-119034.23468489209,22721.44119997983,582.1010227937277,2606.740522331547,25.69046515733026
-119271.7107987086,22511.977975944388,586.4332718971015,2609.05144609145,15.231546211727817
-119471.25339805525,22475.745550536354,594.9630093286078,2614.4681172514597,15.748015748023622
-119733.690553966,22222.090243713,604.3864796555254,2615.526533587772,15.427248620541512
-119919.22945371132,22089.47881410823,612.89714304424,2616.8310885337096,25.37715508089904
-120022.11094812477,21961.728162343286,618.5731128119503,2619.4118327785627,15.874507866387544
-120184.48686830032,21916.34812560953,626.549807488308,2622.4092325770453,19.078784028338912
-120341.92188381426,21745.729710085736,632.5996130126676,2622.9444237021125,15.620499351813308
-120436.4192833742,21724.649975978682,641.1644229082451,2626.2056516591447,15.362291495737216
-120594.06399154942,21571.78983831164,648.0181487146838,2625.6360856723227,15.620499351813308
-120633.44589979574,21524.127977912685,655.0741452953014,2626.9344739474677,15.231546211727817
-120722.73497240563,21535.725178851608,663.5712666475636,2629.1221183853086,24.899799195977465
-120800.19926537285,21526.277052801346,666.0897280008633,2629.2964823199263,16.73320053068151
-120912.37566955396,21539.824084204065,671.565120432741,2629.2290296391884,15.362291495737216
-120870.48382889801,21538.0374354664,676.0900305227708,2630.622754923907,22.80350850198276
-120895.23183886413,21458.9447287466,677.7095456069459,2628.9299501054584,22.715633383201094
-120909.28215542504,21527.79216383334,681.9005520517048,2630.738025607184,23.108440016582687
-120923.56435054868,21417.176051386272,684.2329831346167,2628.749955099728,23.748684174075834
-120929.03339081975,21477.714457090296,687.8386614744156,2630.5296014538617,23.916521486202797
-120936.75911358766,21434.456932956517,688.8817607658891,2629.561361877174,22.538855339169288
-120937.45235199027,21480.64969404502,693.3805140808452,2631.200888580047,22.715633383201094
-120948.63890490524,21412.466237062778,695.8525974117523,2629.900767361489,24.413111231467404
-120956.24914599523,21519.2165443837,698.4753963360124,2631.610699569771,23.40939982143925
-120971.70042835164,21397.671683894307,699.6255411513349,2630.225348654176,23.15167380558045
-120988.17324960779,21506.01847779017,703.6662335162342,2632.366143526414,23.15167380558045
-121000.50661734432,21367.694165101315,704.5859335187652,2630.320986360236,24.166091947189145
-121008.17296042384,21481.226250524644,706.0744300847477,2632.1796119965447,23.2379000772445
-121014.12226660154,21394.330679393188,706.4044289141775,2630.5538009643133,23.323807579381203
-121009.65547732338,21471.621871377167,709.2606186798082,2632.41969569159,23.49468024894146
-121049.11486112559,21386.82555169836,710.4157725391208,2630.576865647712,23.2379000772445
-121038.84196297503,21477.987930556264,713.9730451813258,2632.476218734425,23.57965224510319
-121065.97383577948,21452.73825698391,713.9279757376678,2631.0344615832073,23.83275057562597
-121060.73846907943,21498.30342788358,715.1929266341181,2632.692276076825,23.748684174075834
-121074.55672327688,21397.021376822744,715.2110322056636,2630.5776683639588,23.83275057562597
-121065.2713363244,21481.857598927032,717.4041334088897,2633.0366145379953,23.83275057562597
-121098.17517350851,21421.809439324752,717.2215095092115,2631.089620364375,23.57965224510319
-121078.16123155742,21494.346865933647,720.0167234618757,2633.0492745768943,23.53720459187964
-121091.88257752007,21433.190943643167,720.6649306576098,2631.3168832641104,23.53720459187964
-121082.49711772984,21508.90260508072,723.3696971563184,2633.431347758794,23.83275057562597
-121103.8724589563,21415.968655684374,722.6816039499295,2631.23265833133,23.664319132398465
-121088.17564365179,21512.078230615072,724.5711547908666,2633.4483970051815,23.53720459187964
-121103.80619710617,21427.295520622574,725.3134850008262,2631.301435184838,23.748684174075834
-121089.35834566959,21500.893258405784,726.655915679369,2633.4807084646604,23.83275057562597
-121109.27772087713,21410.52821718662,725.3508637683099,2631.5260220200216,23.664319132398465
-121106.42951149208,21504.956809315525,727.3266135347351,2633.780316581079,23.664319132398465
-121122.00319834927,21423.06860664472,727.1012969843007,2631.217418329934,23.83275057562597
-121102.16558288282,21494.13329835723,729.0507349381628,2633.9066141771345,23.664319132398465
-121102.07942004838,21408.827524107364,728.2801204828747,2631.274303765692,23.748684174075834
-121122.11957198748,21509.327899304273,730.9851324269824,2634.1749703350133,23.748684174075834
-121125.19448428092,21413.349716075325,730.8428953899911,2631.605127408604,23.664319132398465
-121124.58806445911,21508.720005999647,733.0647798662272,2634.303005638113,23.664319132398465
-121131.76058128903,21406.425021558556,731.5643666059086,2631.552881051284,23.664319132398465
-121125.40380075932,21490.291569327397,733.8953960815352,2634.2989997068416,23.065125189341593
-121134.56913091763,21403.664588815736,732.9365272637499,2631.806932328923,23.49468024894146
-121127.69122601947,21490.253164134116,735.1042663614794,2634.215758480178,24.49489742783178
-121143.86789565945,21401.174226822444,734.1024559330435,2631.642040364969,24.49489742783178
-121139.0399810258,21495.704472062265,736.279480037633,2634.491741474156,24.49489742783178
-121155.08579566093,21425.220952004576,735.3440094464459,2631.9924026118683,24.979991993593593
-121142.0774636851,21514.798077288484,736.79186805697,2634.764196075446,24.289915602982237
-121138.57650955529,21443.290084203894,736.5730535180066,2632.251513137514,24.24871130596428
-121147.12759615494,21529.34997825983,739.5859817820152,2634.8881842300634,24.24871130596428
-121158.81603955769,21451.070967425876,738.5814658745644,2632.521203444915,24.413111231467404
-121156.64563644472,21530.15806085782,740.1558801365222,2635.2121688691577,24.331050121192877
-121173.74620878027,21451.838874810073,739.2499907389704,2632.707844582349,24.73863375370596
-121166.74568929072,21551.532559454412,741.3929389703749,2635.3742122815493,24.73863375370596
-121170.24148170296,21480.46430009129,740.3646484640168,2632.887132254982,24.49489742783178
-121155.06132259384,21544.323850501023,742.5402236918068,2635.333909269378,24.49489742783178
-121149.66586849486,21482.604939617937,741.7944946269561,2633.185644749513,24.24871130596428
-121146.81639613029,21542.183088570342,745.9155380774534,2635.2440145989995,24.20743687382041
-121146.83912379577,21478.663085184777,745.737957705285,2633.1682680294043,24.24871130596428
-121157.58363864214,21545.019734035744,747.8893658664659,2635.3364198944973,24.24871130596428
-121167.73284658595,21474.59767381286,746.9903680454568,2633.246564808068,24.331050121192877
-121163.44938418482,21560.596467236363,749.0842168497516,2635.528711866392,24.331050121192877
-121169.45753283193,21497.444696847982,748.2225295438905,2633.5367555968487,24.49489742783178
-121166.50604419479,21573.29238494664,750.3408733434167,2635.6499219150373,24.331050121192877
-121169.83745745533,21512.751294034417,748.8041431619615,2633.7453444405573,24.24871130596428
-121167.26298885589,21591.15379450412,751.0453721551,2635.951925176446,24.331050121192877
-121175.32006210176,21513.471833283176,749.5374465393351,2633.845328385497,24.331050121192877
-121172.96106629138,21583.49223109793,751.0445584918086,2635.997400152574,24.331050121192877
-121181.44363123711,21500.809682220533,750.1095880855637,2633.783780901062,24.331050121192877
-121176.21654724318,21566.8676171634,751.6281108381452,2635.8839607763343,24.331050121192877
-121183.97136722069,21495.83925685848,750.1166737655783,2633.870028871752,24.24871130596428
-121182.92986757196,21579.30085228659,752.8455640331822,2636.081115862931,24.331050121192877
-121188.78241923395,21510.02989045185,752.0969762952366,2634.1793053237016,24.49489742783178
-121184.53819701412,21563.36469723665,753.6220757744878,2636.2890794837813,24.73863375370596
-121188.95525779386,21492.391595205416,752.8149961580077,2634.1519924030363,24.49489742783178
-121198.21140998462,21555.836463567906,754.9869439415677,2636.203793565144,24.49489742783178
-121206.98991420829,21483.051072951042,753.4789866739618,2634.171022364003,24.24871130596428
-121203.09255704124,21548.869307064444,754.9985375117147,2636.2309004806502,24.49489742783178
-121211.26722094258,21516.808221184878,754.1302365037731,2634.677346557836,24.73863375370596
-121205.48890049779,21590.82798589071,755.5630994161412,2636.828404250093,24.331050121192877
-121202.98749274923,21535.69705370572,754.0809922054375,2634.8431886792196,24.49489742783178
-121207.96802879829,21592.48046966926,755.603233824444,2636.789945557006,24.576411454889016
-121215.86420121294,21518.305804740376,754.1197588351744,2634.812143970551,
