city,city_label,poi_category,poi_label,poi_label_one_line,poi_code,n_all_valid_pairs,n_feasible_pairs,n_active_ref,n_unused_feasible,total_active_ref_flow,total_all_active_flow,active_weighted_exposure_ref,active_weighted_distance_ref,share_higher_exposure,share_not_farther,share_second_quadrant,mean_delta_exposure,median_delta_exposure,mean_delta_distance,median_delta_distance,city_aggregate_share,city_n_categories,city_n_all_valid_pairs,city_n_feasible_pairs,city_n_active_ref,city_n_unused_feasible,city_total_active_ref_flow,city_total_all_active_flow,city_aggregate_weight
newyork,New York,Other_Individual_and_Family_Services,"Individual &
Family Services",Individual & Family Services,624190,4584,4584,32,4552,200.0,200.0,0.6248317928217764,2.2196330321635958,0.5676625659050967,0.22451669595782073,0.07557117750439367,0.02652024352227906,0.01764143262608281,2.1496811659938344,1.546981829046481,0.11892218001619852,6.0,3475818.0,3475818.0,34761.0,3441057.0,165941.0,165941.0,n_unused_feasible
newyork,New York,"Promoters_of_Performing_Arts,_Sports,_and_Similar_Events_with_Facilities","Performing Arts
Facilities",Performing Arts Facilities,711310,75636,75636,2043,73593,10349.0,10349.0,0.6473810406158599,3.062963217757209,0.5837919367331132,0.3096761920291332,0.12760724525430409,0.022320945172819948,0.027369616050154533,2.649107330244953,1.69373037774043,0.11892218001619852,6.0,3475818.0,3475818.0,34761.0,3441057.0,165941.0,165941.0,n_unused_feasible
newyork,New York,Museums,Museums,Museums,712110,175338,175338,2822,172516,14234.0,14234.0,0.6378604088019484,3.2985351466811506,0.5949593081221451,0.3383512253935867,0.1563912912425514,0.02411929971527368,0.031027390698039392,2.478619751924044,1.525508860872527,0.11892218001619852,6.0,3475818.0,3475818.0,34761.0,3441057.0,165941.0,165941.0,n_unused_feasible
newyork,New York,Fitness_and_Recreational_Sports_Centers,"Fitness
Centers",Fitness Centers,713940,1325922,1325922,15722,1310200,73960.0,73960.0,0.6347182095870286,2.614206949036458,0.5910830407571364,0.26280415203785684,0.11767974355060296,0.023073331706509215,0.031545785351956845,2.8308913401621076,1.9417416503916312,0.11892218001619852,6.0,3475818.0,3475818.0,34761.0,3441057.0,165941.0,165941.0,n_unused_feasible
newyork,New York,Drinking_Places_(Alcoholic_Beverages),"Drinking
Places",Drinking Places,722410,1479486,1479486,13021,1466465,61977.0,61977.0,0.6420809859356194,2.6381706587681553,0.6233473011630009,0.2578234052636783,0.12828263886284363,0.025320127667871384,0.0409078096973694,3.1334626374455765,2.2241345825527405,0.11892218001619852,6.0,3475818.0,3475818.0,34761.0,3441057.0,165941.0,165941.0,n_unused_feasible
newyork,New York,Religious_Organizations,"Religious
Organizations",Religious Organizations,813110,414852,414852,1121,413731,5221.0,5221.0,0.6768032423379242,1.7164644636705575,0.710804846627398,0.11301304470779323,0.07298703747120713,0.028664018381038183,0.05525392370508553,4.480046172343673,3.759840584768689,0.11892218001619852,6.0,3475818.0,3475818.0,34761.0,3441057.0,165941.0,165941.0,n_unused_feasible
losangeles,Los Angeles,Other_Individual_and_Family_Services,"Individual &
Family Services",Individual & Family Services,624190,37282,36281,272,36009,1263.0,1263.0,0.7044501379364055,4.728880098645841,0.7726401732900108,0.05182037823877364,0.04162848176844678,0.0249593491287441,0.039768059269363776,15.299790348266736,14.230591005944824,0.09921718649984047,6.0,14984701.0,14748393.0,52300.0,14696093.0,237052.0,237175.0,n_unused_feasible
losangeles,Los Angeles,"Promoters_of_Performing_Arts,_Sports,_and_Similar_Events_with_Facilities","Performing Arts
Facilities",Performing Arts Facilities,711310,260974,258352,3593,254759,16747.0,16751.0,0.7193432829534389,10.620669595176238,0.7283432577455556,0.30227391377733465,0.23732233208640321,0.013209269807953554,0.021040062959491457,7.158149364301513,5.400895670077848,0.09921718649984047,6.0,14984701.0,14748393.0,52300.0,14696093.0,237052.0,237175.0,n_unused_feasible
losangeles,Los Angeles,Museums,Museums,Museums,712110,380809,371205,2490,368715,11192.0,11221.0,0.7257282725780769,8.670109747354912,0.6824240944903245,0.22157492914581722,0.16277341578183693,0.008416835106114831,0.0163570576475478,9.593212807738004,7.926894786216847,0.09921718649984047,6.0,14984701.0,14748393.0,52300.0,14696093.0,237052.0,237175.0,n_unused_feasible
losangeles,Los Angeles,Fitness_and_Recreational_Sports_Centers,"Fitness
Centers",Fitness Centers,713940,4540415,4477878,24103,4453775,110569.0,110599.0,0.6923167301965801,6.871044690456101,0.7686932995043531,0.12288990799939377,0.0935541198197035,0.03156158058408928,0.044454382674678716,11.561400332620037,10.372131086395369,0.09921718649984047,6.0,14984701.0,14748393.0,52300.0,14696093.0,237052.0,237175.0,n_unused_feasible
losangeles,Los Angeles,Drinking_Places_(Alcoholic_Beverages),"Drinking
Places",Drinking Places,722410,2023880,2004689,8954,1995735,38637.0,38657.0,0.7100423434954369,7.731049355266712,0.7642277156035245,0.18772883173367205,0.15272067684336849,0.02192233388681567,0.03159421302091803,9.75908638744822,8.280760285857895,0.09921718649984047,6.0,14984701.0,14748393.0,52300.0,14696093.0,237052.0,237175.0,n_unused_feasible
losangeles,Los Angeles,Religious_Organizations,"Religious
Organizations",Religious Organizations,813110,7741341,7599988,12888,7587100,58644.0,58684.0,0.7148141990734256,5.458830621819698,0.7730819417168615,0.10038631361126121,0.08101514412621423,0.022783476007144927,0.03006815372851057,13.629123232259987,12.176014926722516,0.09921718649984047,6.0,14984701.0,14748393.0,52300.0,14696093.0,237052.0,237175.0,n_unused_feasible
chicago,Chicago,Other_Individual_and_Family_Services,"Individual &
Family Services",Individual & Family Services,624190,19215,19215,202,19013,857.0,857.0,0.7275226058957743,4.6104022169059435,0.7321306474517435,0.11002997948771893,0.05764476936832694,0.018643770150125312,0.02027866281489943,9.373162425161215,7.436116690712809,0.0869688696531178,6.0,9613905.0,9613905.0,57635.0,9556270.0,259768.0,259768.0,n_unused_feasible
chicago,Chicago,"Promoters_of_Performing_Arts,_Sports,_and_Similar_Events_with_Facilities","Performing Arts
Facilities",Performing Arts Facilities,711310,123830,123830,2520,121310,10971.0,10971.0,0.7193637930069219,7.553976475266692,0.7746682054241201,0.2527656417442915,0.15717583051685763,0.022939976342755304,0.027350509204027873,5.391860552114627,4.307607788238396,0.0869688696531178,6.0,9613905.0,9613905.0,57635.0,9556270.0,259768.0,259768.0,n_unused_feasible
chicago,Chicago,Museums,Museums,Museums,712110,202825,202825,3171,199654,13836.0,13836.0,0.719408898992754,7.700752286024626,0.7499574263475813,0.2548258487182826,0.15247878830376552,0.020957316970853464,0.025780902824008245,4.806520536773642,4.0394126302229605,0.0869688696531178,6.0,9613905.0,9613905.0,57635.0,9556270.0,259768.0,259768.0,n_unused_feasible
chicago,Chicago,Fitness_and_Recreational_Sports_Centers,"Fitness
Centers",Fitness Centers,713940,1831830,1831830,18802,1813028,88213.0,88213.0,0.7076420677551849,5.4722002297033,0.7470871933582934,0.16335930829529385,0.082329671687365,0.028131298119544495,0.03528978326052795,7.394216760573598,6.058940607973046,0.0869688696531178,6.0,9613905.0,9613905.0,57635.0,9556270.0,259768.0,259768.0,n_unused_feasible
chicago,Chicago,Drinking_Places_(Alcoholic_Beverages),"Drinking
Places",Drinking Places,722410,1989820,1989820,16424,1973396,71384.0,71384.0,0.7061002415080655,5.678033013663104,0.7755594923674721,0.17403501375294164,0.09954362935771634,0.031719647661259086,0.03736365043996798,7.435800007800104,6.028675855975496,0.0869688696531178,6.0,9613905.0,9613905.0,57635.0,9556270.0,259768.0,259768.0,n_unused_feasible
chicago,Chicago,Religious_Organizations,"Religious
Organizations",Religious Organizations,813110,5446385,5446385,16516,5429869,74507.0,74507.0,0.7192472067973462,4.909180138135812,0.8040853287620751,0.11715568091974227,0.08007320250267548,0.029309936851013532,0.030746569807667434,9.586166101959561,7.9639682496503985,0.0869688696531178,6.0,9613905.0,9613905.0,57635.0,9556270.0,259768.0,259768.0,n_unused_feasible
houston,Houston,Other_Individual_and_Family_Services,"Individual &
Family Services",Individual & Family Services,624190,22358,21678,211,21467,1128.0,1128.0,0.6891801640207533,5.73486535520445,0.9050170028415708,0.0668467880933526,0.0606046489961336,0.0610250271263661,0.061114884849644224,14.689053203738501,12.950708097506881,0.11675065006180915,6.0,4971461.0,4895275.0,15739.0,4879536.0,71439.0,71631.0,n_unused_feasible
houston,Houston,"Promoters_of_Performing_Arts,_Sports,_and_Similar_Events_with_Facilities","Performing Arts
Facilities",Performing Arts Facilities,711310,44716,44494,852,43642,4308.0,4312.0,0.7235259079271462,15.242900734083658,0.8066541405068512,0.5046514825168416,0.40098987214151505,0.0251877366951387,0.026350688772903474,1.2226446618239164,-0.10988013870168967,0.11675065006180915,6.0,4971461.0,4895275.0,15739.0,4879536.0,71439.0,71631.0,n_unused_feasible
houston,Houston,Museums,Museums,Museums,712110,95820,95248,581,94667,2509.0,2604.0,0.7108465298276783,14.207388367207328,0.8064795546494554,0.484234210442921,0.37530501653163195,0.03750917162656057,0.04116424697561527,1.881961784133686,0.309435489831813,0.11675065006180915,6.0,4971461.0,4895275.0,15739.0,4879536.0,71439.0,71631.0,n_unused_feasible
houston,Houston,Fitness_and_Recreational_Sports_Centers,"Fitness
Centers",Fitness Centers,713940,1121094,1098577,5528,1093049,26065.0,26098.0,0.6883771621270302,7.757349308198964,0.861356627196036,0.15654467457543075,0.11930755162851803,0.05868488909265076,0.06327367627629377,10.38726529911087,8.11914616258371,0.11675065006180915,6.0,4971461.0,4895275.0,15739.0,4879536.0,71439.0,71631.0,n_unused_feasible
houston,Houston,Drinking_Places_(Alcoholic_Beverages),"Drinking
Places",Drinking Places,722410,956603,947452,3976,943476,17018.0,17045.0,0.7062438734593545,9.707072990656737,0.8356259194722494,0.2350340655194197,0.18058011014588607,0.041743337538371374,0.04411987505030723,7.7841401299297015,6.0648907211104985,0.11675065006180915,6.0,4971461.0,4895275.0,15739.0,4879536.0,71439.0,71631.0,n_unused_feasible
houston,Houston,Religious_Organizations,"Religious
Organizations",Religious Organizations,813110,2730870,2687826,4591,2683235,20411.0,20444.0,0.6992234480986167,6.757170208616791,0.8620139495795187,0.09662515582869186,0.07996951441077654,0.05090695535357291,0.049550773285595984,12.528742192614192,11.470645126329448,0.11675065006180915,6.0,4971461.0,4895275.0,15739.0,4879536.0,71439.0,71631.0,n_unused_feasible
atlanta,Atlanta,Other_Individual_and_Family_Services,"Individual &
Family Services",Individual & Family Services,624190,1568,1568,34,1534,168.0,168.0,0.5843818379094201,4.219897327224878,0.8715775749674055,0.16427640156453716,0.13689700130378096,0.1427271193004024,0.167060799212785,4.389608579960891,3.9030789843173146,0.18250674670075526,6.0,327712.0,327712.0,3850.0,323862.0,48007.0,48007.0,n_unused_feasible
atlanta,Atlanta,"Promoters_of_Performing_Arts,_Sports,_and_Similar_Events_with_Facilities","Performing Arts
Facilities",Performing Arts Facilities,711310,6272,6272,131,6141,567.0,567.0,0.7231977916613763,5.617357589544002,0.7394561146393096,0.36655267871682135,0.2597296857189383,0.022019465099736533,0.026037739053923037,2.241762634939146,1.670127548347879,0.18250674670075526,6.0,327712.0,327712.0,3850.0,323862.0,48007.0,48007.0,n_unused_feasible
atlanta,Atlanta,Museums,Museums,Museums,712110,15288,15288,423,14865,31983.0,31983.0,0.6548135623973396,0.46903388821676095,0.8717793474604776,0.004170871173898419,0.003498150016818029,0.07890331600617685,0.09099173979763997,7.093025075551509,6.4813371806479845,0.18250674670075526,6.0,327712.0,327712.0,3850.0,323862.0,48007.0,48007.0,n_unused_feasible
atlanta,Atlanta,Fitness_and_Recreational_Sports_Centers,"Fitness
Centers",Fitness Centers,713940,104664,104664,1329,103335,6370.0,6370.0,0.6600523283975808,4.876371421363488,0.8374703633812358,0.27030531765616683,0.21057724875405234,0.07271517302093558,0.08550000657958945,3.327767509531246,2.642822318301744,0.18250674670075526,6.0,327712.0,327712.0,3850.0,323862.0,48007.0,48007.0,n_unused_feasible
atlanta,Atlanta,Drinking_Places_(Alcoholic_Beverages),"Drinking
Places",Drinking Places,722410,89768,89768,1252,88516,5705.0,5705.0,0.693869652079654,4.749155781717745,0.7948732432554566,0.2998779881603326,0.22452437977314835,0.043641966319924196,0.05200008419122182,2.936338144737979,2.340204185062839,0.18250674670075526,6.0,327712.0,327712.0,3850.0,323862.0,48007.0,48007.0,n_unused_feasible
atlanta,Atlanta,Religious_Organizations,"Religious
Organizations",Religious Organizations,813110,110152,110152,681,109471,3214.0,3214.0,0.6707442217987545,4.437343084584378,0.8593508783148048,0.17901544701336428,0.14264965150587827,0.0775204870549477,0.08172598691556743,4.356416252669855,3.9659048751294863,0.18250674670075526,6.0,327712.0,327712.0,3850.0,323862.0,48007.0,48007.0,n_unused_feasible
seattle,Seattle,Other_Individual_and_Family_Services,"Individual &
Family Services",Individual & Family Services,624190,2665,2665,33,2632,143.0,143.0,0.6115531151508784,3.2771582370758314,0.6432370820668692,0.17553191489361702,0.12120060790273557,0.04751567675339848,0.03093659591582043,4.191685080525442,3.801577033640091,0.13332026167633362,6.0,665184.0,665184.0,7272.0,657912.0,31734.0,31734.0,n_unused_feasible
seattle,Seattle,"Promoters_of_Performing_Arts,_Sports,_and_Similar_Events_with_Facilities","Performing Arts
Facilities",Performing Arts Facilities,711310,15457,15457,587,14870,2562.0,2562.0,0.6157279098163053,5.744605745356984,0.6231338264963012,0.3663080026899798,0.22273032952252858,0.027779509146145704,0.02731224020741163,1.971885409007989,1.3967553628003282,0.13332026167633362,6.0,665184.0,665184.0,7272.0,657912.0,31734.0,31734.0,n_unused_feasible
seattle,Seattle,Museums,Museums,Museums,712110,19188,19188,323,18865,1378.0,1378.0,0.614140627880764,5.447647072627121,0.5604028624436788,0.3528226875165651,0.19697853167240922,0.02018158688860448,0.01255778514911654,1.9189115291525707,1.624792751244028,0.13332026167633362,6.0,665184.0,665184.0,7272.0,657912.0,31734.0,31734.0,n_unused_feasible
seattle,Seattle,Fitness_and_Recreational_Sports_Centers,"Fitness
Centers",Fitness Centers,713940,250510,250510,3195,247315,13847.0,13847.0,0.6015571880618256,4.14500798919799,0.6080828093726623,0.2335361785577098,0.13778379799041707,0.02789267709457198,0.024013546714022005,3.7194546829841966,2.996168727576988,0.13332026167633362,6.0,665184.0,665184.0,7272.0,657912.0,31734.0,31734.0,n_unused_feasible
seattle,Seattle,Drinking_Places_(Alcoholic_Beverages),"Drinking
Places",Drinking Places,722410,206804,206804,2412,204392,10618.0,10618.0,0.6206467595274439,4.29339107194625,0.5689948725977534,0.2634105053035344,0.1483130455203726,0.01584966010987197,0.014676655307245434,3.1307147034722416,2.6549095440029857,0.13332026167633362,6.0,665184.0,665184.0,7272.0,657912.0,31734.0,31734.0,n_unused_feasible
seattle,Seattle,Religious_Organizations,"Religious
Organizations",Religious Organizations,813110,170560,170560,722,169838,3186.0,3186.0,0.6125547753215991,3.5408860238203035,0.6339217371848468,0.15195068241500725,0.0940661100578198,0.029119499040467015,0.03415982979047677,5.412717419328956,4.543934490497545,0.13332026167633362,6.0,665184.0,665184.0,7272.0,657912.0,31734.0,31734.0,n_unused_feasible
boston,Boston,Other_Individual_and_Family_Services,"Individual &
Family Services",Individual & Family Services,624190,3927,3927,92,3835,422.0,422.0,0.7136354396813739,1.7090447591570854,0.5903520208604954,0.061277705345501955,0.03259452411994785,0.010102511723026028,0.015808865409486672,5.130840421545909,5.0493211000477745,0.12229624734313323,6.0,569415.0,569415.0,9545.0,559870.0,44082.0,44082.0,n_unused_feasible
boston,Boston,"Promoters_of_Performing_Arts,_Sports,_and_Similar_Events_with_Facilities","Performing Arts
Facilities",Performing Arts Facilities,711310,9537,9537,462,9075,2473.0,2473.0,0.7031946736565561,3.3639381393816317,0.7089807162534435,0.23614325068870523,0.16176308539944903,0.019042174112870416,0.030983234175100516,2.6307606634951255,2.2834282764596985,0.12229624734313323,6.0,569415.0,569415.0,9545.0,559870.0,44082.0,44082.0,n_unused_feasible
boston,Boston,Museums,Museums,Museums,712110,20196,20196,393,19803,1745.0,1745.0,0.6994879931877624,3.8983886658277958,0.5823360096955007,0.2883906478816341,0.14139271827500885,0.00501356674163962,0.013803428985637023,2.1907781296044972,1.9151398704346971,0.12229624734313323,6.0,569415.0,569415.0,9545.0,559870.0,44082.0,44082.0,n_unused_feasible
boston,Boston,Fitness_and_Recreational_Sports_Centers,"Fitness
Centers",Fitness Centers,713940,175032,175032,4212,170820,19146.0,19146.0,0.7074237604056307,3.2149132659877258,0.5918920501112281,0.22594543964406977,0.1231003395386957,0.0005647224985908335,0.014316078776696162,2.7313250390275616,2.387864204737241,0.12229624734313323,6.0,569415.0,569415.0,9545.0,559870.0,44082.0,44082.0,n_unused_feasible
boston,Boston,Drinking_Places_(Alcoholic_Beverages),"Drinking
Places",Drinking Places,722410,145860,145860,2519,143341,11137.0,11137.0,0.6871812113438581,3.4099888468965407,0.6493745683370424,0.2768433316357497,0.16093092695041894,0.017974555424103582,0.028985521129431313,2.2657585753344005,1.913714641413116,0.12229624734313323,6.0,569415.0,569415.0,9545.0,559870.0,44082.0,44082.0,n_unused_feasible
boston,Boston,Religious_Organizations,"Religious
Organizations",Religious Organizations,813110,214863,214863,1867,212996,9159.0,9159.0,0.7139272514070933,2.2682946363750913,0.6710924148810307,0.130518882983718,0.09380927341358523,0.011004361639506261,0.021998655785108234,3.6053640412321855,3.2546279044203286,0.12229624734313323,6.0,569415.0,569415.0,9545.0,559870.0,44082.0,44082.0,n_unused_feasible
fresno,Fresno,"Promoters_of_Performing_Arts,_Sports,_and_Similar_Events_with_Facilities","Performing Arts
Facilities",Performing Arts Facilities,711310,1260,1260,78,1182,331.0,331.0,0.7307850573188653,6.078045212849009,0.7216582064297801,0.42047377326565144,0.305414551607445,0.01878424190593254,0.018306405408165083,1.277848675684034,0.699163685924796,0.18154922632604664,5.0,173880.0,173880.0,3524.0,170356.0,17155.0,17155.0,n_unused_feasible
fresno,Fresno,Museums,Museums,Museums,712110,3465,3465,188,3277,813.0,813.0,0.7411651018167141,6.577695111462118,0.6722612145254806,0.44369850472993594,0.3011901129081477,0.007624673305173312,0.00730033805141872,0.8769141774253965,0.5797766235395807,0.18154922632604664,5.0,173880.0,173880.0,3524.0,170356.0,17155.0,17155.0,n_unused_feasible
fresno,Fresno,Fitness_and_Recreational_Sports_Centers,"Fitness
Centers",Fitness Centers,713940,33390,33390,1327,32063,7419.0,7419.0,0.6930077999512496,4.366480182220914,0.8847893210242336,0.16427034276268596,0.1336743286654399,0.0566919042183931,0.05715313108234876,4.438530028618218,4.25919941095538,0.18154922632604664,5.0,173880.0,173880.0,3524.0,170356.0,17155.0,17155.0,n_unused_feasible
fresno,Fresno,Drinking_Places_(Alcoholic_Beverages),"Drinking
Places",Drinking Places,722410,15750,15750,483,15267,2083.0,2083.0,0.7190959280900757,5.628354177183205,0.8015982183795114,0.3431584463221327,0.26874959062029213,0.02997459465907301,0.030497418051339098,2.0591338574080464,1.733430429407865,0.18154922632604664,5.0,173880.0,173880.0,3524.0,170356.0,17155.0,17155.0,n_unused_feasible
fresno,Fresno,Religious_Organizations,"Religious
Organizations",Religious Organizations,813110,120015,120015,1448,118567,6509.0,6509.0,0.7056616819342498,4.719972500354418,0.8285610667386373,0.2292121753945027,0.1787259524150902,0.04279080465173817,0.042664981482731124,3.4556379262340107,3.0920857837897096,0.18154922632604664,5.0,173880.0,173880.0,3524.0,170356.0,17155.0,17155.0,n_unused_feasible
baltimore,Baltimore,Other_Individual_and_Family_Services,"Individual &
Family Services",Individual & Family Services,624190,612,612,5,607,27.0,27.0,0.7467744302192246,2.8907123885297783,0.5271828665568369,0.16474464579901152,0.09060955518945635,0.002948775947431783,0.0006392560765662303,2.2950747958232918,2.0868687813545006,0.14625328598947385,6.0,737460.0,737460.0,8608.0,728852.0,38388.0,38388.0,n_unused_feasible
baltimore,Baltimore,"Promoters_of_Performing_Arts,_Sports,_and_Similar_Events_with_Facilities","Performing Arts
Facilities",Performing Arts Facilities,711310,6732,6732,409,6323,1830.0,1830.0,0.7401334883584201,4.700843590098657,0.6210659497074174,0.33212082872054405,0.20464969160208762,0.008685039536285692,0.008416042419500114,1.8676750962079194,1.5668440158764154,0.14625328598947385,6.0,737460.0,737460.0,8608.0,728852.0,38388.0,38388.0,n_unused_feasible
baltimore,Baltimore,Museums,Museums,Museums,712110,27540,27540,628,26912,2867.0,2867.0,0.7305326658557157,3.7254322007951317,0.7495541022592153,0.27188614744351963,0.19645511296076099,0.018239269537180205,0.017856785503296058,2.006748121439556,1.793145587271408,0.14625328598947385,6.0,737460.0,737460.0,8608.0,728852.0,38388.0,38388.0,n_unused_feasible
baltimore,Baltimore,Fitness_and_Recreational_Sports_Centers,"Fitness
Centers",Fitness Centers,713940,64260,64260,1576,62684,7127.0,7127.0,0.716940611984529,3.415225347220369,0.8204326462893242,0.17179822602258948,0.1316603918065216,0.032269154022671706,0.03309538621928815,3.186270079371776,2.941853406260417,0.14625328598947385,6.0,737460.0,737460.0,8608.0,728852.0,38388.0,38388.0,n_unused_feasible
baltimore,Baltimore,Drinking_Places_(Alcoholic_Beverages),"Drinking
Places",Drinking Places,722410,132192,132192,2129,130063,9261.0,9261.0,0.7239217305130311,3.5672367198222155,0.7975827099175015,0.2220154848035183,0.16721896311787365,0.025244802548573687,0.025371628330287943,2.5996428260985858,2.384998050198795,0.14625328598947385,6.0,737460.0,737460.0,8608.0,728852.0,38388.0,38388.0,n_unused_feasible
baltimore,Baltimore,Religious_Organizations,"Religious
Organizations",Religious Organizations,813110,506124,506124,3861,502263,17276.0,17276.0,0.718040692352761,3.3561497152520103,0.8016557062734065,0.1823685997176778,0.13928758439303712,0.0305292936479488,0.02978400418122973,3.2782613148133115,3.003817677782638,0.14625328598947385,6.0,737460.0,737460.0,8608.0,728852.0,38388.0,38388.0,n_unused_feasible
tulsa,Tulsa,Other_Individual_and_Family_Services,"Individual &
Family Services",Individual & Family Services,624190,990,990,76,914,366.0,366.0,0.738062087782068,5.011836468977658,0.6050328227571116,0.18052516411378555,0.08096280087527352,0.012406664450018926,0.008412888468958102,4.25694481822216,3.8833597452553645,0.19307983753150637,6.0,254100.0,254100.0,4944.0,249156.0,22094.0,22094.0,n_unused_feasible
tulsa,Tulsa,"Promoters_of_Performing_Arts,_Sports,_and_Similar_Events_with_Facilities","Performing Arts
Facilities",Performing Arts Facilities,711310,2310,2310,96,2214,401.0,401.0,0.735211247780421,7.730415326399562,0.7335140018066847,0.36585365853658536,0.24932249322493225,0.014541819494116526,0.016576115483516174,2.174065694470368,1.7492759245638068,0.19307983753150637,6.0,254100.0,254100.0,4944.0,249156.0,22094.0,22094.0,n_unused_feasible
tulsa,Tulsa,Museums,Museums,Museums,712110,4950,4950,120,4830,496.0,496.0,0.7261101661044209,5.980501032897694,0.7925465838509317,0.3031055900621118,0.23478260869565218,0.02258596823212767,0.021118953087398917,2.619865126444083,2.1582925755165894,0.19307983753150637,6.0,254100.0,254100.0,4944.0,249156.0,22094.0,22094.0,n_unused_feasible
tulsa,Tulsa,Fitness_and_Recreational_Sports_Centers,"Fitness
Centers",Fitness Centers,713940,35640,35640,1616,34024,7745.0,7745.0,0.7188295133027788,5.226214809282017,0.8451093345873502,0.21728779684928287,0.17223136609452153,0.03066525534101363,0.03034006451559368,3.973001343938981,3.562069859143242,0.19307983753150637,6.0,254100.0,254100.0,4944.0,249156.0,22094.0,22094.0,n_unused_feasible
tulsa,Tulsa,Drinking_Places_(Alcoholic_Beverages),"Drinking
Places",Drinking Places,722410,35970,35970,1180,34790,5007.0,5007.0,0.7314295884594246,6.728991054771069,0.7500431158378844,0.3471112388617419,0.25682667433170453,0.01671538386902397,0.01566330739890437,2.123415780893291,1.7878626335621872,0.19307983753150637,6.0,254100.0,254100.0,4944.0,249156.0,22094.0,22094.0,n_unused_feasible
tulsa,Tulsa,Religious_Organizations,"Religious
Organizations",Religious Organizations,813110,174240,174240,1856,172384,8079.0,8079.0,0.7070850211090941,5.499316254349646,0.8639896974197141,0.21988699647299054,0.1830332281418229,0.040801348146979534,0.03635776600661966,4.128297606275342,3.7743753532734825,0.19307983753150637,6.0,254100.0,254100.0,4944.0,249156.0,22094.0,22094.0,n_unused_feasible
tyler,Tyler,Museums,Museums,Museums,712110,595,595,37,558,167.0,167.0,0.7259018730923031,2.9056796877738043,0.7759856630824373,0.25268817204301075,0.17562724014336917,0.018506280776271814,0.018805385782044326,1.9120278828154798,1.694251429930497,0.17829806393516434,4.0,16405.0,16405.0,858.0,15547.0,3886.0,3886.0,n_unused_feasible
tyler,Tyler,Fitness_and_Recreational_Sports_Centers,"Fitness
Centers",Fitness Centers,713940,3060,3060,359,2701,1680.0,1680.0,0.735187224516978,3.771978483606004,0.6597556460570159,0.34690855238800444,0.22028878193261756,0.008940707082527555,0.010364651910310552,1.4749069036928402,1.1034396631010859,0.17829806393516434,4.0,16405.0,16405.0,858.0,15547.0,3886.0,3886.0,n_unused_feasible
tyler,Tyler,Drinking_Places_(Alcoholic_Beverages),"Drinking
Places",Drinking Places,722410,595,595,47,548,204.0,204.0,0.7354013551695667,4.2162240498373915,0.7062043795620438,0.3740875912408759,0.2591240875912409,0.009552960794442074,0.01130388905571239,1.548574308247172,1.281447031863319,0.17829806393516434,4.0,16405.0,16405.0,858.0,15547.0,3886.0,3886.0,n_unused_feasible
tyler,Tyler,Religious_Organizations,"Religious
Organizations",Religious Organizations,813110,12155,12155,415,11740,1835.0,1835.0,0.708478213890286,2.892229277867588,0.8264054514480409,0.20988074957410563,0.1649914821124361,0.03909492833042393,0.038619741290027265,2.462910629052548,2.2124710057050927,0.17829806393516434,4.0,16405.0,16405.0,858.0,15547.0,3886.0,3886.0,n_unused_feasible
champaign,Champaign,"Promoters_of_Performing_Arts,_Sports,_and_Similar_Events_with_Facilities","Performing Arts
Facilities",Performing Arts Facilities,711310,110,110,11,99,44.0,44.0,0.7251643556426833,2.8488946308328797,0.7171717171717171,0.5151515151515151,0.42424242424242425,0.023284803586218605,0.018742207342393846,-0.034484475796614726,-0.01839661781222235,0.3524818739542666,5.0,5830.0,5830.0,451.0,5379.0,1999.0,1999.0,n_unused_feasible
champaign,Champaign,Museums,Museums,Museums,712110,110,110,7,103,28.0,28.0,0.6967109702926262,3.3131751020516336,0.8058252427184466,0.6893203883495146,0.5533980582524272,0.04790757787865787,0.04314867152941959,-0.8180491567007245,-1.1373617798875642,0.3524818739542666,5.0,5830.0,5830.0,451.0,5379.0,1999.0,1999.0,n_unused_feasible
champaign,Champaign,Fitness_and_Recreational_Sports_Centers,"Fitness
Centers",Fitness Centers,713940,1210,1210,157,1053,747.0,747.0,0.704543508187503,2.4852930666735085,0.8660968660968661,0.4036087369420703,0.34947768281101615,0.04419627752037287,0.04425609445953216,0.49235864735708473,0.42928406962719245,0.3524818739542666,5.0,5830.0,5830.0,451.0,5379.0,1999.0,1999.0,n_unused_feasible
champaign,Champaign,Drinking_Places_(Alcoholic_Beverages),"Drinking
Places",Drinking Places,722410,1210,1210,115,1095,490.0,490.0,0.6931103114741819,2.6393146214222187,0.8529680365296803,0.554337899543379,0.4684931506849315,0.0530218181819852,0.05684051406490931,-0.105557289166636,-0.3123792415235167,0.3524818739542666,5.0,5830.0,5830.0,451.0,5379.0,1999.0,1999.0,n_unused_feasible
champaign,Champaign,Religious_Organizations,"Religious
Organizations",Religious Organizations,813110,3190,3190,161,3029,690.0,690.0,0.681260565535873,2.437381542539414,0.8629910861670518,0.37603169362826017,0.3024100363156157,0.06529654270804909,0.0641628197829982,0.6944338174915684,0.525540886651374,0.3524818739542666,5.0,5830.0,5830.0,451.0,5379.0,1999.0,1999.0,n_unused_feasible
billings,Billings,Other_Individual_and_Family_Services,"Individual &
Family Services",Individual & Family Services,624190,76,76,27,49,121.0,121.0,0.7431616397547087,3.7774549987097314,0.40816326530612246,0.4897959183673469,0.24489795918367346,-0.000717641258937954,-0.001271847764076961,0.507727658042454,0.3807464222397883,0.2455962372037259,5.0,11780.0,11780.0,937.0,10843.0,4115.0,4115.0,n_unused_feasible
billings,Billings,Museums,Museums,Museums,712110,380,380,58,322,279.0,279.0,0.7317131307317789,3.661937689628556,0.6677018633540373,0.43478260869565216,0.33540372670807456,0.00828397500735787,0.009945608306446418,0.6509354509916537,0.5646495283297956,0.2455962372037259,5.0,11780.0,11780.0,937.0,10843.0,4115.0,4115.0,n_unused_feasible
billings,Billings,Fitness_and_Recreational_Sports_Centers,"Fitness
Centers",Fitness Centers,713940,3496,3496,415,3081,1827.0,1827.0,0.7279081391410581,3.917098053886966,0.6582278481012658,0.3914313534566699,0.26452450503083413,0.011553162206282813,0.009839086349761827,1.387091634960325,0.863897861190936,0.2455962372037259,5.0,11780.0,11780.0,937.0,10843.0,4115.0,4115.0,n_unused_feasible
billings,Billings,Drinking_Places_(Alcoholic_Beverages),"Drinking
Places",Drinking Places,722410,1140,1140,173,967,746.0,746.0,0.7311064314727987,4.184826183773951,0.640124095139607,0.3826266804550155,0.25232678386763185,0.008853745249164328,0.007061485659213829,1.307705458148785,0.9733583549120484,0.2455962372037259,5.0,11780.0,11780.0,937.0,10843.0,4115.0,4115.0,n_unused_feasible
billings,Billings,Religious_Organizations,"Religious
Organizations",Religious Organizations,813110,6688,6688,264,6424,1142.0,1142.0,0.7122195671976439,3.128389299815672,0.7593399750933998,0.299813200498132,0.23100871731008718,0.02620266055678965,0.025607759865232782,1.9639798128464505,1.5561438444460265,0.2455962372037259,5.0,11780.0,11780.0,937.0,10843.0,4115.0,4115.0,n_unused_feasible
sebring,Sebring,Museums,Museums,Museums,712110,18,18,11,7,50.0,50.0,0.7299440739149746,1.9349271698717403,0.7142857142857143,0.5714285714285714,0.2857142857142857,0.013169288280055227,0.013301880869441729,1.1424717007503178,-0.11829857438560998,0.24598930481283424,4.0,243.0,243.0,56.0,187.0,247.0,247.0,n_unused_feasible
sebring,Sebring,Fitness_and_Recreational_Sports_Centers,"Fitness
Centers",Fitness Centers,713940,27,27,9,18,39.0,39.0,0.712793371262962,1.9027367115312437,1.0,0.4444444444444444,0.4444444444444444,0.026676119825684734,0.020345239668190074,0.6644634418900629,0.1983677091321182,0.24598930481283424,4.0,243.0,243.0,56.0,187.0,247.0,247.0,n_unused_feasible
sebring,Sebring,Drinking_Places_(Alcoholic_Beverages),"Drinking
Places",Drinking Places,722410,18,18,5,13,21.0,21.0,0.6852414747837725,1.8167316697478681,1.0,0.46153846153846156,0.46153846153846156,0.06666465187225014,0.06545965788148478,0.6680735954453509,0.21224984495683197,0.24598930481283424,4.0,243.0,243.0,56.0,187.0,247.0,247.0,n_unused_feasible
sebring,Sebring,Religious_Organizations,"Religious
Organizations",Religious Organizations,813110,180,180,31,149,137.0,137.0,0.7151817672918505,1.5266404763146093,0.8389261744966443,0.28187919463087246,0.20134228187919462,0.026638751479446044,0.027342661578019456,1.2495738098507392,0.8041710444859438,0.24598930481283424,4.0,243.0,243.0,56.0,187.0,247.0,247.0,n_unused_feasible
cheyenne,Cheyenne,Other_Individual_and_Family_Services,"Individual &
Family Services",Individual & Family Services,624190,49,49,5,44,23.0,23.0,0.716945953048692,3.368842445869201,0.5909090909090909,0.5681818181818182,0.4318181818181818,0.01057062645610937,0.011742294251745,-0.27975740451638437,-0.09893461599479902,0.3595018949648078,5.0,4067.0,4067.0,373.0,3694.0,1842.0,1842.0,n_unused_feasible
cheyenne,Cheyenne,Museums,Museums,Museums,712110,343,343,106,237,595.0,595.0,0.7270903550913694,3.5488755370339597,0.5738396624472574,0.4936708860759494,0.33755274261603374,0.011013250336270791,0.008786318841984553,0.18517574598187117,0.07729974727309141,0.3595018949648078,5.0,4067.0,4067.0,373.0,3694.0,1842.0,1842.0,n_unused_feasible
cheyenne,Cheyenne,Fitness_and_Recreational_Sports_Centers,"Fitness
Centers",Fitness Centers,713940,980,980,98,882,512.0,512.0,0.7044713742859526,3.2549743591290055,0.7120181405895691,0.40816326530612246,0.31519274376417233,0.020461678910224605,0.02613600622913198,0.6322137972163604,0.4841170827414283,0.3595018949648078,5.0,4067.0,4067.0,373.0,3694.0,1842.0,1842.0,n_unused_feasible
cheyenne,Cheyenne,Drinking_Places_(Alcoholic_Beverages),"Drinking
Places",Drinking Places,722410,539,539,61,478,271.0,271.0,0.7220379807875619,3.3457765613087744,0.7071129707112971,0.4916317991631799,0.40585774058577406,0.014662387795644091,0.015132822360824472,0.0880950189361421,0.02868530350990106,0.3595018949648078,5.0,4067.0,4067.0,373.0,3694.0,1842.0,1842.0,n_unused_feasible
cheyenne,Cheyenne,Religious_Organizations,"Religious
Organizations",Religious Organizations,813110,2156,2156,103,2053,441.0,441.0,0.7002340974104221,3.4204044444952957,0.8192888455918168,0.4403312226010716,0.3687286897223575,0.03499328623135881,0.039934422192898666,0.4303789196474773,0.30341463283583936,0.3595018949648078,5.0,4067.0,4067.0,373.0,3694.0,1842.0,1842.0,n_unused_feasible
