rank_pct,dev_no_F_plot,dev_reg_F_plot,dev_no_F_raw,dev_reg_F_raw,contrib_F_raw,changed_Hno_Hreg_raw
0.5813953488372093,9.8,1.6,16.0,4.0,12.0,12.0
1.1627906976744187,9.166666666666666,1.3333333333333333,9.0,0.0,9.0,9.0
1.744186046511628,8.571428571428571,1.1428571428571428,7.0,0.0,7.0,7.0
2.3255813953488373,8.25,1.125,7.0,0.0,7.0,7.0
2.9069767441860463,7.888888888888889,1.0,10.0,4.0,6.0,6.0
3.488372093023256,7.6,0.9,6.0,0.0,6.0,6.0
4.069767441860465,6.5,0.5,5.0,0.0,5.0,5.0
4.651162790697675,6.1,0.5,6.0,1.0,5.0,5.0
5.232558139534884,5.8,0.5,5.0,0.0,5.0,5.0
5.813953488372093,5.5,0.5,5.0,0.0,5.0,5.0
6.395348837209303,4.9,0.1,5.0,0.0,5.0,5.0
6.976744186046512,4.7,0.1,5.0,0.0,5.0,5.0
7.55813953488372,4.6,0.1,4.0,0.0,4.0,4.0
8.13953488372093,4.3,0.0,4.0,0.0,4.0,4.0
8.720930232558139,4.4,0.3,4.0,0.0,4.0,4.0
9.30232558139535,4.2,0.3,4.0,0.0,4.0,4.0
9.883720930232558,4.0,0.3,4.0,0.0,4.0,4.0
10.465116279069768,3.8,0.3,3.0,0.0,3.0,3.0
11.046511627906977,3.7,0.3,6.0,3.0,3.0,3.0
11.627906976744185,3.9,0.6,3.0,0.0,3.0,3.0
12.209302325581394,3.8,0.6,3.0,0.0,3.0,3.0
12.790697674418606,3.7,0.6,3.0,0.0,3.0,3.0
13.372093023255813,3.9,0.9,3.0,0.0,3.0,3.0
13.953488372093023,3.9,0.9,6.0,3.0,3.0,6.0
14.534883720930234,3.6,0.6,3.0,0.0,3.0,3.0
15.11627906976744,3.6,0.6,3.0,0.0,3.0,3.0
15.69767441860465,3.6,0.6,6.0,3.0,3.0,6.0
16.27906976744186,3.6,0.6,3.0,0.0,3.0,3.0
16.86046511627907,3.6,0.6,3.0,0.0,3.0,3.0
17.441860465116278,3.3,0.3,3.0,0.0,3.0,3.0
18.023255813953487,3.3,0.3,3.0,0.0,3.0,3.0
18.6046511627907,3.3,0.3,3.0,0.0,3.0,3.0
19.186046511627907,3.3,0.3,3.0,0.0,3.0,3.0
19.767441860465116,3.9,0.9,3.0,0.0,3.0,3.0
20.348837209302324,3.9,0.9,3.0,0.0,3.0,3.0
20.930232558139537,4.2,1.2,3.0,0.0,3.0,3.0
21.511627906976745,4.2,1.2,6.0,3.0,3.0,3.0
22.093023255813954,4.2,1.2,9.0,6.0,3.0,3.0
22.674418604651162,4.2,1.2,3.0,0.0,3.0,3.0
23.25581395348837,4.6,1.6,6.0,3.0,3.0,5.0
23.837209302325583,4.6,1.6,3.0,0.0,3.0,3.0
24.418604651162788,4.6,1.7,3.0,0.0,3.0,3.0
25.0,4.3,1.5,3.0,0.0,3.0,3.0
25.581395348837212,3.7,1.0,7.0,4.0,3.0,3.0
26.16279069767442,3.7,1.1,3.0,0.0,3.0,3.0
26.744186046511626,3.4,0.9,3.0,1.0,2.0,2.0
27.325581395348834,3.4,1.0,3.0,1.0,2.0,2.0
27.906976744186046,3.4,1.1,3.0,1.0,2.0,2.0
28.488372093023255,3.3,1.1,3.0,1.0,2.0,2.0
29.069767441860467,3.0,0.9,3.0,1.0,2.0,2.0
29.651162790697676,3.0,1.0,3.0,1.0,2.0,2.0
30.23255813953488,3.0,1.0,3.0,1.0,2.0,2.0
30.813953488372093,3.0,1.0,2.0,0.0,2.0,2.0
31.3953488372093,3.3,1.3,4.0,2.0,2.0,2.0
31.976744186046513,3.3,1.3,3.0,1.0,2.0,2.0
32.55813953488372,3.2,1.2,3.0,1.0,2.0,3.0
33.13953488372093,3.2,1.2,3.0,1.0,2.0,2.0
33.72093023255814,3.2,1.2,6.0,4.0,2.0,2.0
34.30232558139535,3.3,1.3,3.0,1.0,2.0,2.0
34.883720930232556,3.2,1.2,2.0,0.0,2.0,2.0
35.46511627906977,3.2,1.2,3.0,1.0,2.0,2.0
36.04651162790697,3.2,1.3,3.0,1.0,2.0,2.0
36.627906976744185,3.1,1.3,3.0,1.0,2.0,3.0
37.2093023255814,2.6,0.9,3.0,1.0,2.0,2.0
37.7906976744186,2.6,1.0,3.0,1.0,2.0,3.0
38.372093023255815,2.6,1.1,3.0,2.0,1.0,1.0
38.95348837209303,2.4,1.0,2.0,1.0,1.0,1.0
39.53488372093023,2.2,0.9,1.0,0.0,1.0,1.0
40.116279069767444,2.2,1.0,3.0,2.0,1.0,1.0
40.69767441860465,2.2,1.1,2.0,1.0,1.0,1.0
41.27906976744186,2.2,1.2,1.0,0.0,1.0,1.0
41.86046511627907,2.2,1.2,1.0,0.0,1.0,1.0
42.44186046511628,2.3,1.3,3.0,2.0,1.0,1.0
43.02325581395349,2.5,1.5,3.0,2.0,1.0,2.0
43.604651162790695,2.4,1.4,3.0,2.0,1.0,1.0
44.18604651162791,2.3,1.3,3.0,2.0,1.0,2.0
44.76744186046512,2.8,1.8,3.0,2.0,1.0,2.0
45.348837209302324,3.0,2.0,3.0,2.0,1.0,1.0
45.93023255813954,2.8,1.8,2.0,1.0,1.0,2.0
46.51162790697674,2.8,1.8,1.0,0.0,1.0,1.0
47.093023255813954,2.6,1.6,6.0,5.0,1.0,1.0
47.674418604651166,2.6,1.7,3.0,2.0,1.0,2.0
48.25581395348838,2.6,1.8,1.0,0.0,1.0,1.0
48.837209302325576,2.6,1.9,3.0,2.0,1.0,1.0
49.41860465116279,2.7,2.1,1.0,0.0,1.0,1.0
50.0,2.9,2.4,3.0,3.0,0.0,1.0
50.58139534883721,2.6,2.2,3.0,3.0,0.0,2.0
51.162790697674424,2.6,2.3,3.0,3.0,0.0,1.0
51.74418604651163,2.8,2.6,3.0,3.0,0.0,3.0
52.32558139534884,2.8,2.7,3.0,3.0,0.0,1.0
52.90697674418605,3.1,3.1,3.0,3.0,0.0,1.0
53.48837209302325,3.1,3.1,3.0,3.0,0.0,1.0
54.06976744186046,3.1,3.1,3.0,3.0,0.0,3.0
54.65116279069767,3.1,3.1,3.0,3.0,0.0,2.0
55.23255813953488,3.1,3.1,4.0,4.0,0.0,1.0
55.81395348837209,3.1,3.1,3.0,3.0,0.0,1.0
56.395348837209305,3.1,3.1,3.0,3.0,0.0,1.0
56.97674418604651,3.4,3.4,3.0,3.0,0.0,1.0
57.55813953488372,3.4,3.4,3.0,3.0,0.0,3.0
58.139534883720934,3.7,3.7,3.0,3.0,0.0,2.0
58.720930232558146,3.6,3.6,3.0,3.0,0.0,1.0
59.30232558139535,3.6,3.6,6.0,6.0,0.0,5.0
59.883720930232556,3.6,3.6,3.0,3.0,0.0,1.0
60.46511627906976,3.7,3.7,6.0,6.0,0.0,3.0
61.04651162790697,3.7,3.7,3.0,3.0,0.0,2.0
61.627906976744185,3.7,3.7,3.0,3.0,0.0,1.0
62.2093023255814,3.7,3.7,3.0,3.0,0.0,2.0
62.7906976744186,3.4,3.4,4.0,4.0,0.0,3.0
63.372093023255815,3.4,3.4,3.0,3.0,0.0,2.0
63.95348837209303,3.1,3.1,3.0,3.0,0.0,2.0
64.53488372093024,3.1,3.1,3.0,3.0,0.0,2.0
65.11627906976744,3.1,3.1,3.0,3.0,0.0,1.0
65.69767441860465,4.4,4.4,3.0,3.0,0.0,1.0
66.27906976744185,4.5,4.5,3.0,3.0,0.0,2.0
66.86046511627907,4.5,4.5,3.0,3.0,0.0,1.0
67.44186046511628,4.6,4.6,3.0,3.0,0.0,3.0
68.02325581395348,4.6,4.6,16.0,16.0,0.0,14.0
68.6046511627907,4.9,4.9,5.0,5.0,0.0,1.0
69.18604651162791,5.0,5.0,3.0,3.0,0.0,2.0
69.76744186046511,5.2,5.2,4.0,4.0,0.0,1.0
70.34883720930233,5.2,5.2,3.0,3.0,0.0,1.0
70.93023255813954,5.2,5.2,6.0,6.0,0.0,2.0
71.51162790697676,3.9,3.9,4.0,4.0,0.0,1.0
72.09302325581395,3.7,3.7,5.0,5.0,0.0,2.0
72.67441860465115,4.0,4.0,3.0,3.0,0.0,1.0
73.25581395348837,3.9,3.9,3.0,3.0,0.0,2.0
73.83720930232558,4.2,4.2,3.0,3.0,0.0,2.0
74.4186046511628,3.7,3.7,3.0,3.0,0.0,1.0
75.0,3.8,3.8,6.0,6.0,0.0,4.0
75.5813953488372,3.6,3.6,3.0,3.0,0.0,1.0
76.16279069767442,3.6,3.6,6.0,6.0,0.0,1.0
76.74418604651163,3.9,3.9,1.0,1.0,0.0,1.0
77.32558139534885,3.9,3.9,5.0,5.0,0.0,3.0
77.90697674418605,4.1,4.1,3.0,3.0,0.0,1.0
78.48837209302324,3.8,3.8,3.0,3.0,0.0,2.0
79.06976744186046,3.8,3.8,6.0,6.0,0.0,1.0
79.65116279069767,3.5,3.5,3.0,3.0,0.0,1.0
80.23255813953489,3.7,3.7,5.0,5.0,0.0,2.0
80.81395348837209,3.5,3.5,3.0,3.0,0.0,1.0
81.3953488372093,3.6,3.6,3.0,3.0,0.0,1.0
81.97674418604652,3.6,3.6,3.0,3.0,0.0,1.0
82.55813953488372,3.0,3.1,3.0,3.0,0.0,2.0
83.13953488372093,2.7,2.9,3.0,3.0,0.0,1.0
83.72093023255815,2.2,2.5,4.0,4.0,0.0,3.0
84.30232558139535,1.9,2.3,3.0,3.0,0.0,1.0
84.88372093023256,1.6,2.1,0.0,1.0,-1.0,1.0
85.46511627906976,1.3,1.9,0.0,1.0,-1.0,1.0
86.04651162790698,1.0,1.7,0.0,1.0,-1.0,1.0
86.62790697674419,0.7,1.5,0.0,1.0,-1.0,1.0
87.20930232558139,0.3,1.2,0.0,1.0,-1.0,1.0
87.79069767441861,0.0,1.0,0.0,1.0,-1.0,1.0
88.37209302325581,0.0,1.0,0.0,1.0,-1.0,1.0
88.95348837209302,0.0,1.0,0.0,1.0,-1.0,1.0
89.53488372093024,0.0,1.0,0.0,1.0,-1.0,1.0
90.11627906976744,0.0,1.0,0.0,1.0,-1.0,1.0
90.69767441860465,0.1,1.2,0.0,1.0,-1.0,1.0
91.27906976744185,0.1,1.3,0.0,1.0,-1.0,1.0
91.86046511627907,0.1,1.4,0.0,1.0,-1.0,1.0
92.44186046511628,0.1,1.5,0.0,1.0,-1.0,1.0
93.02325581395348,0.1,1.6,1.0,3.0,-2.0,2.0
93.6046511627907,0.1,1.7,0.0,2.0,-2.0,2.0
94.18604651162791,0.5,2.2,0.0,2.0,-2.0,2.0
94.76744186046511,0.5,2.3,0.0,2.0,-2.0,2.0
95.34883720930233,0.5,2.4,0.0,2.0,-2.0,2.0
95.93023255813954,0.5,2.5,0.0,2.0,-2.0,2.0
96.51162790697676,0.4,2.4,4.0,6.0,-2.0,4.0
97.09302325581395,0.4,2.5,0.0,2.0,-2.0,2.0
97.67441860465115,0.4,2.6,0.0,2.0,-2.0,2.0
98.25581395348837,0.4444444444444444,2.6666666666666665,0.0,2.0,-2.0,2.0
98.83720930232558,0.5,2.75,0.0,2.0,-2.0,2.0
99.4186046511628,0.5714285714285714,2.857142857142857,0.0,3.0,-3.0,3.0
100.0,0.0,2.3333333333333335,0.0,3.0,-3.0,3.0
