cbg,baseline_structural_contrib
250092011001,0.6006062941208545
250092021011,0.7171327940602197
250092021012,0.5658882151090112
250092022001,0.570111746232107
250092022002,0.6078855869872324
250092022003,0.6108113460556629
250092022004,1.0984945955901841
250092022006,0.6134906899496875
250092031006,0.569581134821247
250092031007,0.5918689124621551
250092032002,0.6145172444244252
250092033021,0.5906108953266491
250092033022,0.7165623309348146
250092041021,0.6542972304468231
250092041022,0.7126446578440746
250092042002,0.8491867318809284
250092042003,0.6870595975937852
250092043002,0.8138631651137105
250092044001,0.6537952927550162
250092046002,0.6170210601137289
250092047011,0.5249421908461676
250092047012,2.1937573167668596
250092047013,0.7295671595588751
250092047022,0.7349770345529152
250092051001,0.742200885779803
250092051002,0.6773740992398977
250092051003,0.6706348480955173
250092051004,1.2223050447849675
250092052002,0.6103990547433873
250092052005,1.3423173775022543
250092053001,1.2525479575419518
250092053002,0.6642931874546889
250092054001,0.6684188875492298
250092054002,0.6026690173535205
250092054003,1.1974455476446204
250092055001,0.7513846484545039
250092056001,0.7471635256821749
250092056003,1.4078405557813893
250092056004,0.6821383278497277
250092057002,2.1162059677755845
250092057005,0.6867931469232684
250092058002,0.7397048017021218
250092058003,0.7322708558530155
250092059001,2.1158113735268773
250092059002,1.5150455001123846
250092059003,0.7455862281082652
250092061002,0.743119532883749
250092062001,0.6792208240287021
250092063002,1.5291873459418293
250092064004,0.7535230082500042
250092065002,1.5408545108503207
250092065003,2.365141412381913
250092066001,0.7469220830282186
250092067004,0.8026577891219312
250092068001,0.7397969096995296
250092068002,1.5468358363909955
250092069002,1.5415027900994982
250092070001,0.7324519103182829
250092071002,0.7046632939953775
250092072002,0.7367752482264374
250092081011,1.396499256317448
250092081012,2.1479151936713636
250092081013,0.6442643546699423
250092081014,0.630002977359212
250092081021,1.3232052752412171
250092082001,1.4198747750789515
250092082002,0.5852321688191355
250092082003,1.5327949845912454
250092082004,0.6542872650856266
250092091001,0.5725740153156373
250092091002,0.6740749723847208
250092091003,1.1319374535531201
250092091004,0.5566128422243639
250092091005,0.7207040089339345
250092092002,0.6012069433684193
250092092004,0.5457559532370555
250092101001,0.578992163257916
250092101002,0.6406765537605026
250092101003,0.6046550224424547
250092101004,1.128920108206229
250092102002,0.6084655729487688
250092102003,0.6077674687669947
250092105001,0.6989973586008971
250092105002,0.6250648369535354
250092105003,0.5765773397392588
250092105004,0.7149497243791154
250092106001,1.3737714545105093
250092106002,1.4470786659501775
250092107001,0.7338158994591328
250092107002,1.5649040156917025
250092107003,0.7816258676287866
250092108002,0.7643062883324043
250092108003,0.7580562658015334
250092109001,1.4090120371239139
250092109003,0.7135323393767758
250092111001,0.7475974684537803
250092111002,0.7093838243439403
250092113001,1.6656110383667486
250092113003,0.5806634259511869
250092114011,1.305536711442553
250092114021,0.5336780460006225
250092114022,0.6988907742522398
250092114024,0.5964881454931945
250092131001,0.48611463683565215
250092131003,1.0379610722060573
250092141001,0.5926245962884101
250092141002,1.1345847501131792
250092141003,1.2853992977364896
250092151011,1.2674215019660906
250092161002,0.5543335387677517
250092172011,1.176536628072242
250092172012,0.6366581679266711
250092172021,0.6278274362549616
250092172023,0.6379181264277255
250092173002,1.3514907609377795
250092173005,0.6730761280241445
250092175003,0.5763525900359784
250092175004,0.6784183194007517
250092175005,0.695041958856356
250092181001,0.4981502335623974
250092181003,0.5974285484804016
250092181004,0.5838026727070909
250092201012,0.6813294129398801
250092201014,0.7020228136279102
250092211001,0.6732431762671407
250092211002,0.6765570208925564
250092213001,0.6908238820744549
250092214001,0.7427673621084666
250092215002,1.3742351684851686
250092216001,0.7384972673993032
250092217002,0.7579637669445717
250092219011,0.7098279491049295
250092219012,0.6209044780306453
250092219022,0.631212316323164
250092221001,0.606110423437435
250092221002,0.6403188551595702
250092221003,0.641136510932705
250092233002,0.6448836478353298
250092501001,1.6798524762956433
250092502001,0.7327916700481508
250092505003,0.7889201801467391
250092506003,0.8083322621775314
250092514002,0.6898052269879692
250092514003,0.7836857737779632
250092516001,0.7076886224248182
250092516002,0.7799617983386351
250092517001,0.7018956633083586
250092518003,1.3603386662052959
250092518004,0.6223574355010584
250092521021,0.5258985858710397
250092521022,0.5640804889658545
250092521023,0.6175152246224681
250092522012,0.6716141636063587
250092522021,0.5884658697285903
250092522022,0.6552542484642765
250092523002,0.7617370015723031
250092523003,0.7021546021344022
250092525011,0.7199362794108988
250092525012,0.6915146266840159
250092525023,0.6036379280519457
250092526011,0.6719159116298943
250092526023,0.6035803896554071
250092531004,0.6504749856729932
250092532011,0.6342410308304679
250092532012,0.6835106597348737
250092532023,0.6602481999669285
250092532024,0.7128356688135107
250092532031,0.5520782334147171
250092532032,0.48119802573214676
250092532041,0.5337024096634433
250092532042,0.5843227263887429
250092532043,0.5493041102009676
250092532051,0.4607079715232829
250092532052,0.49446658191072357
250092541001,0.5644064304896868
250092541002,0.6313403109909185
250092541003,1.1385673052203318
250092541004,0.5640680393413071
250092541005,0.4725131715997275
250092542001,0.6812390425829671
250092542002,0.6357261413821826
250092543011,0.4880219693481094
250092543012,0.4715992648936014
250092543021,0.5018435050028798
250092543022,0.47843467646488036
250092544011,0.5442761598150021
250092544021,1.20454532539233
250092544022,0.5675776640720039
250092544023,0.5060216881641376
250092544024,0.5467755646355501
250092544031,0.5175462212748138
250092544032,0.48526763121430316
250092601001,0.7709338825257206
250092601002,0.8005580297359232
250092602001,0.7653115794820136
250092603012,0.72036796382393
250092603013,0.6855237227182829
250092604022,0.6944073328697065
250092605001,0.6901617804621385
250092605002,1.8503228609050788
250092606002,0.6385595115688283
250092607001,1.4925549166025744
250092607002,0.6991193830804397
250092608001,0.7643710284264302
250092609001,0.6960471644749779
250092609002,0.7281158636982046
250092609003,2.340298113205713
250092610002,0.6961234946174557
250092610003,0.6485398359240078
250092611012,0.7016557245957072
250092611013,0.6579725831447178
250092621001,0.7486278075077614
250092621002,0.6554723605961864
250092621003,0.7348047842478816
250092631003,0.6429786706526528
250092651012,0.6232840202623919
250092651021,0.6022076601064916
250092661001,0.6023166092728889
250173102002,0.7139298243755485
250173103002,0.7639915703026656
250173103003,0.762437214141936
250173106021,0.6111564610164092
250173106023,0.730057201883047
250173106024,0.7061957980125696
250173111002,0.7223359166730705
250173112001,0.7954367400614395
250173112002,0.7507316804115793
250173113001,0.7473601941377532
250173113002,0.7221125256589904
250173114003,0.7462670274337387
250173116001,0.6849795256769662
250173116002,0.7221683783983648
250173116004,0.7276424502184853
250173118002,0.7352666738747962
250173119002,0.7906256849552744
250173120002,0.7511777561794853
250173122001,0.7297197207148192
250173123003,0.7078987968901452
250173125013,1.407224712828059
250173141013,2.1022542941964657
250173142001,0.727334831404105
250173142002,0.7240564546005637
250173142003,0.7143159843136893
250173143011,1.400681945496795
250173143013,1.2176799522146253
250173143015,0.6720407822149239
250173154011,0.6228875069718363
250173154022,0.6168646638112193
250173155005,0.6004030359035237
250173162022,0.5154033859572079
250173163005,0.5985504923622382
250173164004,0.5780759541706375
250173165004,1.4320685209348882
250173171011,0.6754130606417716
250173171021,0.679318054277278
250173173011,0.6954974957558671
250173173021,0.6519744203481562
250173181004,0.5501144612457967
250173223002,0.7314066735966689
250173281002,1.2502535796781737
250173311022,0.5987569334814504
250173311024,1.0136079986046185
250173321001,0.48823862788166594
250173321002,0.44548419396359373
250173323001,0.4484559411853878
250173323003,0.7076473484280734
250173323004,1.2526801824088583
250173331001,0.6940281426539275
250173331003,0.5479755836588884
250173331005,0.681081172929082
250173332001,0.5548849505625291
250173332004,0.5964196397906151
250173333001,0.7244114996976787
250173333002,0.6370207537424044
250173333003,0.6570119824351082
250173334002,0.5982103054530776
250173334003,0.5142369965636324
250173334005,0.6075214442582964
250173335012,0.5768270243863928
250173335013,0.5929728112031609
250173335021,1.4655549726789003
250173341001,0.5299782025457818
250173341002,0.6687347779653909
250173341003,0.4788124972060861
250173342001,0.4910041093284815
250173342002,0.5759443838757099
250173342004,0.5931782240060972
250173343001,0.4563696686381187
250173343002,1.0529099325210038
250173343003,1.1934128147142897
250173343004,0.5036525809006
250173344001,0.414467811094515
250173344002,0.5949742109170012
250173344003,0.6544358468688674
250173344004,0.5231908336677871
250173351002,0.5578602669736151
250173352001,0.4968235968842861
250173352002,0.5588374071762681
250173353011,0.6367555101656177
250173353012,0.6595972216789957
250173353021,1.255870936542497
250173353022,0.558507395358592
250173353023,0.5917668458957499
250173354001,0.5852605052485191
250173354002,0.6294068782350044
250173361002,0.6895694011189963
250173361003,0.5310009520343903
250173363001,0.5595726287225419
250173363003,1.164839718567029
250173363006,0.6131482993256692
250173364021,0.6623682595906888
250173364022,0.6785339882909388
250173364023,0.7006826588811292
250173364024,1.2859649135989915
250173371011,0.5769562070915188
250173371022,1.308212661690935
250173372012,0.49159029716973646
250173372021,0.5198735216176049
250173373001,1.316900506061887
250173373002,0.5465632096194238
250173373003,0.6594030369549606
250173381001,0.4333134409325726
250173381002,0.552373904013419
250173382001,0.5573722708119799
250173383001,0.9906449538555332
250173383002,0.5524014917186814
250173383003,0.5723004279672184
250173384001,0.8818294579801075
250173384002,0.38548246160986077
250173384004,0.46055473458862595
250173385001,0.4409937754723855
250173385003,0.3893157878902893
250173392006,0.5870788216605818
250173400002,0.6762736298561574
250173411013,0.651653543242156
250173411021,1.4445858658298443
250173414002,0.7023849855198552
250173415003,0.721303417306401
250173415004,0.7175033613896837
250173415005,0.7331345089878376
250173416003,0.6619251327094469
250173418001,0.7031964221782889
250173422011,0.732571130808003
250173422012,0.7371262823749121
250173503001,0.6601204111187384
250173513001,0.659743874480532
250173547001,0.4794533000802341
250173563003,0.47763938834544173
250173564005,0.5418714078758802
250173564006,0.45292975944847413
250173564007,0.519883816569617
250173564008,0.5225243216393693
250173567011,0.5388104460421081
250173573002,0.6121665735077932
250173581003,0.39983408777272433
250173584002,0.569377517803827
250173584003,0.49462615029400436
250173584004,0.43961460420179044
250173585001,0.4539661773661813
250173586004,0.6857491529025816
250173587002,0.3969431744068671
250173652013,0.4883271237880191
250173661001,0.4917877588227908
250173661004,0.5527254515550046
250173662012,0.5413255204971481
250173662022,0.5016388594072445
250173683004,0.6806470223105776
250173686005,0.5015724548916101
250173731001,0.44781438559561026
250173731003,0.6013083475402298
250173731004,0.43197771143346675
250173731005,0.44129762907197945
250173732001,0.6511509972694212
250173732003,0.47849211244865775
250173733001,0.4730110257110214
250173733003,0.4820441308407746
250173734001,0.4968399963750364
250173735002,0.4429154079995131
250173737004,0.4460621880199779
250173738001,0.40121893347611726
250173740001,1.0950128489471922
250173740002,1.2506614277680594
250173741002,0.6299524533129506
250173742003,0.3959773471568475
250173745002,0.5453320965388415
250173745003,0.4575603047007576
250173745004,0.6225642108121474
250173746001,0.40055148687013753
250173746004,0.5196555151201596
250173747001,0.5311270250884776
250173747002,0.5041274568359034
250173748002,0.5030364139766712
250173822002,0.47847141709079355
250173824002,0.6069569256894856
250173831022,0.8163634369786004
250173832001,0.8185733381862588
250173833001,1.5090796371116217
250173833002,1.2188887612692547
250173835012,0.8129717247602352
250173835013,0.53646134574244
250173836001,0.5645246651012374
250173836003,0.6532251134017504
250173836004,0.6319343410878634
250173837001,1.202537240427029
250173837003,0.636266654139279
250173837004,0.6477389215642468
250173838003,0.5421221089485506
250173838005,0.5636121111495132
250173839021,0.5240754554217912
250173839022,0.5776648365829573
250173861002,0.5831224798792908
250173871003,0.4983221927752658
250173871004,0.6276415791779997
250173883001,0.8065531828824287
250214021022,0.7281801905502896
250214034003,0.20845466102044363
250214051001,0.4912236474004803
250214061023,0.4583844968304902
250214081022,0.5534748685843027
250214081023,0.6654501144292659
250214091022,0.5046747404697565
250214101001,0.6654005298181427
250214101002,0.6906322484588456
250214103001,0.6125147733182075
250214103002,0.6191536753585334
250214104001,0.5977022352185519
250214104002,0.6774958395876821
250214104003,0.7608575049609375
250214104004,0.5344604062459253
250214112004,0.5881935968788289
250214113022,0.6847074659351752
250214121003,0.232422861085672
250214123001,0.4740409740056858
250214141004,0.5320632251998816
250214142002,0.5020481441308372
250214143003,0.45380940058494545
250214161013,0.47362692538256634
250214162006,0.6547333041611234
250214162007,0.6772730808658305
250214176022,0.6154597543675961
250214176023,0.7143268564578267
250214178021,0.7291139649726215
250214181022,0.6127745794941103
250214191001,0.5960369789825457
250214195001,0.5731159564267337
250214195002,0.5114814173274858
250214197002,0.5482493567492499
250214202023,0.7079969335500584
250214203023,0.7434091647768202
250214221001,0.6450377454874039
250214225012,1.4529606478783341
250214226001,0.5183993764102264
250214228001,0.643360072536638
250214412021,0.9680895426084632
250214412031,0.5654515260896495
250214412032,0.6304643347150116
250214412041,1.6111366571064787
250214412042,0.5650999579715319
250214421012,0.44586601086895095
250214421032,0.45124391906181605
250214422011,0.598231975804852
250214422012,0.4531650053131312
250214561022,1.4136745673031008
250235001011,0.5631573734832975
250235001013,0.5971998902592685
250235001043,0.6879134143684809
250235011013,0.5482392249365141
250235011023,0.44822281665725583
250235011024,0.5646094174236047
250235012011,0.5321316666540554
250235012012,0.4502449979558766
250235021011,0.558510417909795
250235021012,0.5941702988838924
250235021014,0.6938909468422874
250235021021,0.5688122157212563
250235021023,0.7180826710311935
250235022002,0.6618144565880759
250235031011,0.5950755697145119
250235031012,0.497391085707127
250235031013,0.504946952049099
250235031021,0.4887367722808952
250235031022,0.455219609615897
250235031023,0.44590376996995085
250235031024,0.6612348820866392
250235031025,0.5589746911746207
250235041011,0.48324497518394693
250235041012,0.5635507957001791
250235041013,0.5802243806686871
250235041021,0.48366096263574754
250235041022,0.41215764206443917
250235041023,0.483586831459647
250235051023,0.5497696584378413
250235051024,0.44129341007921863
250235061022,0.5035482584984556
250235062021,0.5659325869376123
250235071013,0.4859006063070086
250235071032,0.5028545800992894
250235071041,0.4974596282274051
250235081012,0.4829844507019496
250235081014,0.4981023766762396
250235081015,0.5658130105022788
250235081021,0.5633874085876993
250235082001,0.5119992813137673
250235082002,0.6097144920960262
250235091011,0.671932057736119
250235091012,0.5626416825588723
250235101001,0.6974554323038893
250235102004,1.399373093875692
250235106003,0.5527494700699315
250235107005,0.7232872310989514
250235108002,0.7213915737152153
250235108003,0.7413457551677256
250235108004,0.7398435728303411
250235108005,0.7286734140515808
250235108006,0.7227587102453072
250235109002,1.5041588861837472
250235110002,0.7593317967336888
250235111001,0.7414696373805458
250235111003,0.7140355754509379
250235113011,1.506042259627752
250235113013,1.4944343340733162
250235114001,0.7000048111933161
250235114002,0.7239030444037998
250235117011,0.6253190241497625
250235201001,0.5806082186124002
250235202023,0.6225442824730101
250235221012,0.5280418329825907
250235221013,0.600674032909638
250235221022,0.5698662344131444
250235251012,0.6028372507578595
250235252041,0.6006675879035388
250235252042,0.6414145833989326
250235261003,0.7145151023333556
250235261004,0.7483398836957127
250235261005,0.5057406047441979
250235301002,0.6769603691617663
250235305005,0.6404795505913974
250235306004,0.6070253139597487
250235307002,0.6617592315340217
250235308011,0.6164431748857504
250235308012,0.5673384956121539
250235308023,0.6358208067278113
250235309021,1.2418384530323325
250235309022,1.9206521347042607
250235401021,0.6560343558994437
250235411001,0.6406573172607417
250235411003,0.6548712613502667
250235421012,0.692706695361291
250235441001,0.6457237495074195
250235441003,0.6479067845954306
250235451001,0.7731885931145587
250235451002,0.6832419396479839
250235451003,0.634794227545224
250235451004,0.7291266127599051
250235452002,0.6782220670164221
250235452003,0.7107509829520104
250235452004,0.74492022908267
250235453001,0.7427027513629065
250235453002,0.7332777885035677
250235454003,0.7083286502975795
250235454004,0.7965760499220895
250235454005,0.7623158499932652
250235601001,0.6728499781666746
250235601002,0.6773216280129284
250235601003,0.6608847753849769
250235601005,0.6286140330010226
250235601006,0.6541500714087576
250235611001,0.6447232100582688
250235611003,0.6439021216040354
250235611004,0.6949241544470458
250250003014,0.5863421911529487
250250003021,0.6186146294878818
250250003022,0.5794536674800808
250250004011,0.5899982997796955
250250004023,0.5623940905808
250250104032,0.7085178058353958
250250104041,0.7182248318726618
250250501013,0.6890232563063545
250250502001,0.7258014925998928
250250502002,0.7198588439239897
250250502004,0.7173270622599365
250250503001,0.6984458926234169
250250503002,0.7352250141931529
250250504002,0.7121336422369198
250250505001,0.705139096142575
250250506001,0.7003647642127835
250250507001,1.4582970143154448
250250507002,0.7160282178578614
250250507003,0.7083583817713553
250250509011,0.7007577482517967
250250509012,0.6710064344186415
250250510003,0.7074639316176562
250250511011,0.6978172363904186
250250512002,0.7210039528735046
250250512003,0.6766008323456278
250250604001,0.6794105747297563
250250801001,1.5811215759737771
250250808012,0.6981095146919803
250250814001,0.7588706419348109
250250821003,0.7730695666456664
250250904002,0.7345627186062367
250250916001,0.7203221816040839
250250918001,0.7474389295780275
250250919002,0.7747211458923418
250250919003,0.7499415328865666
250250920002,1.4357326802295094
250250920003,0.7123756610748204
250250921015,0.743151168052765
250250922001,0.7068696892284132
250250922003,0.7218518118630852
250250922004,0.7667593814367717
250250923003,0.7563887909651463
250250924001,0.7472898094805523
250250924003,0.7316844723434195
250251001002,0.7854735270948967
250251001003,0.7525186539460936
250251001004,0.7184437138744759
250251001005,0.7570281635204472
250251001007,0.7417382385541935
250251002002,0.680952380952381
250251003001,0.7413053018286233
250251003003,0.7282129699684156
250251004001,1.4824520557277563
250251004002,0.7142645378260366
250251004003,0.7055793066630363
250251004004,0.7232123901108904
250251005001,0.7473942435169737
250251005002,0.6897608557401398
250251005003,0.7327957177855593
250251005004,0.7348999330678938
250251005005,1.5000003078383224
250251006014,0.7094229084580217
250251008001,0.74003617352657
250251008002,0.7038888612541139
250251008005,0.7253390115605747
250251008006,0.7494486907654043
250251010011,0.6190250900259602
250251010013,0.7566806132811944
250251010016,0.6786077692932808
250251010021,0.7171154678486471
250251011012,0.7317905773843825
250251011013,0.7375699037949122
250251011024,1.5154764536364076
250251102011,0.742141533877557
250251103011,0.6999589625779998
250251104011,0.7096863771034501
250251105012,0.6491481419080294
250251105022,2.0781960233530627
250251106011,0.6353220647270901
250251106072,0.6062400151642839
250251202012,0.7160527394004741
250251302003,0.6509974545504169
250251304061,0.7727935935429793
250251401021,0.6860724817506133
250251401051,0.7227368005414919
250251401071,0.7133362373344341
250251402022,0.7278549456267562
250251403001,0.7510728807945617
250251403005,0.7156468609425031
250251403006,0.7600854676113016
250251404001,0.7473795399080594
250251404003,0.7053158142382372
250251603001,0.7184070811653915
250251603002,0.7456352925570433
250251605015,0.7238994712013154
250251702004,0.7545026588319229
250251704004,0.8183088934367406
250251705022,1.638559722431786
250251706013,0.684451606709337
250251707022,0.7485675554656857
250251707023,0.6864504806212869
250251707024,0.7102457949395635
250251707025,0.7995825070146217
250251708004,0.7295593191332055
250251801013,0.7652688949719963
250251802001,0.6859403013178396
330150037011,0.6496545950010886
330150037031,0.6038962566163621
330150037032,0.5316899470450696
330150038011,0.520682407265483
330150038021,0.5480297235240582
330150540001,0.6096672255942185
330150540002,0.6963064443262905
330150550011,0.6742144271222987
330150560001,0.6589456906494877
330150570001,0.6912495908626238
330150590002,0.641455789733036
330150590003,0.6519063402642962
330150600001,0.5838014532328355
330150600002,0.5647158063118086
330150610011,0.6434562644973387
330150610012,0.6786388698564894
330150610013,0.6063389111273694
330150620001,0.6588966484494311
330150625002,0.6137145756117203
330150650052,0.6944487273318991
330150660003,0.5762020892024488
330150670001,1.132504779550957
330150670002,0.6493530117795479
330150670003,1.188641577732171
330150670004,0.5855015537497483
330150691002,0.617569445892217
330150691003,0.7200184990457693
330150692002,0.6984787271381261
330150697003,0.6095752112119708
330151001001,0.5613209729189503
330151001003,0.6657494641828239
330151002003,0.6889367129436206
330151031002,0.6958540302338285
330151051002,0.6944747114375274
330151051004,0.6560855419564096
330151061021,0.506190052033135
330151062001,0.7553587442416753
330151062002,0.6015576003946628
330151062003,0.7389648402849257
330151062004,0.7589642468386031
330151064002,0.6680017647247538
330151074001,0.6304058449995482
330151074002,0.6229888675135096
330151075002,0.5967214059705422
330170801002,0.6115691244150661
330170802031,0.8373535746239015
330170830015,0.6867617881476284
330170841004,0.6817027746297988
330170844003,0.7298262472972397
330170846001,0.7058985432641746
330170860002,0.6510330244591715
330170880001,0.6895061371562974
330170880003,0.673382587893333
