GEOID,fc_k_0.01,fc_k_0.05,fc_k_0.20
250251008001,0.0,0.0,0.0
250251008002,0.0,0.0,0.0
250092032002,0.0,0.0,1.0
330170880001,0.0,0.0,0.0
250251008005,0.0,0.0,0.0
250251008006,0.0,0.0,0.0
330170880003,0.0,0.0,0.0
250092501001,6.0,6.0,3.0
250214101001,0.0,0.0,0.0
250092544011,0.0,0.0,0.0
250214101002,0.0,0.0,0.0
250250922001,0.0,0.0,0.0
250173354002,0.0,0.0,1.0
250250922003,0.0,0.0,0.0
250250922004,0.0,0.0,0.0
250173141013,6.0,6.0,6.0
250092544021,4.0,4.0,4.0
250092544022,16.0,16.0,16.0
250092544024,13.0,13.0,13.0
250092544023,3.0,3.0,3.0
250173354001,0.0,1.0,2.0
250235306004,0.0,0.0,1.0
250092544031,6.0,6.0,6.0
250092544032,3.0,3.0,3.0
250214228001,3.0,3.0,3.0
250173567011,3.0,3.0,3.0
330150697003,0.0,0.0,0.0
250173737004,3.0,3.0,3.0
250173311022,3.0,3.0,3.0
250173311024,6.0,6.0,6.0
250092542001,0.0,0.0,0.0
250092542002,0.0,0.0,0.0
250214142002,4.0,4.0,4.0
250251006014,0.0,0.0,0.0
250173352001,3.0,3.0,3.0
250250920002,3.0,3.0,3.0
250235091011,0.0,0.0,1.0
250235091012,3.0,3.0,3.0
250250920003,0.0,0.0,0.0
250173352002,3.0,3.0,3.0
250235261003,0.0,0.0,0.0
250235261004,0.0,0.0,0.0
250235261005,3.0,3.0,3.0
250214226001,3.0,3.0,3.0
250173223002,3.0,3.0,3.0
250092114011,3.0,3.0,3.0
250092071002,3.0,3.0,3.0
250173735002,3.0,3.0,3.0
250251004001,3.0,3.0,3.0
250251004002,0.0,0.0,0.0
250251004003,0.0,0.0,0.0
250251004004,0.0,0.0,0.0
250092114021,0.0,1.0,8.0
250092114022,0.0,0.0,0.0
250092114024,0.0,1.0,0.0
250235601001,0.0,0.0,0.0
250235601002,0.0,0.0,0.0
250235601003,0.0,0.0,0.0
250235601005,0.0,0.0,0.0
250235601006,0.0,0.0,0.0
250250918001,0.0,0.0,0.0
250173563003,3.0,3.0,3.0
250173733001,4.0,2.0,4.0
250092069002,3.0,3.0,3.0
250173733003,0.0,3.0,3.0
250251002002,3.0,3.0,3.0
250214181022,4.0,4.0,4.0
250250916001,0.0,0.0,0.0
250235001011,3.0,3.0,3.0
250235001013,3.0,3.0,3.0
250173731001,3.0,3.0,3.0
330150691002,0.0,0.0,0.0
330150691003,0.0,0.0,0.0
250092067004,0.0,3.0,3.0
250173731005,3.0,3.0,3.0
250173731004,4.0,4.0,4.0
250173731003,1.0,3.0,3.0
330150650052,3.0,3.0,3.0
330151074001,0.0,0.0,0.0
330151074002,0.0,0.0,0.0
250235001043,0.0,3.0,3.0
330151031002,3.0,3.0,3.0
250092108002,0.0,4.0,4.0
250092108003,2.0,3.0,3.0
250092151011,3.0,3.0,3.0
250092065002,3.0,3.0,3.0
250092065003,3.0,6.0,6.0
250092022001,0.0,0.0,1.0
250092022002,0.0,0.0,1.0
250092022003,0.0,0.0,1.0
250092022004,3.0,3.0,3.0
250173686005,0.0,2.0,3.0
250092022006,0.0,0.0,1.0
250173344001,3.0,3.0,3.0
250173344002,0.0,0.0,1.0
250173344003,0.0,0.0,3.0
250173344004,4.0,4.0,4.0
330150560001,3.0,3.0,3.0
250092661001,3.0,3.0,3.0
250214091022,0.0,0.0,0.0
250092106001,3.0,3.0,3.0
250092106002,3.0,3.0,3.0
250092063002,3.0,3.0,3.0
250173385001,3.0,3.0,3.0
250092233002,3.0,3.0,3.0
250092532011,0.0,0.0,0.0
250173385003,3.0,3.0,3.0
250092532012,3.0,3.0,3.0
250173342001,0.0,1.0,3.0
250173342002,0.0,0.0,3.0
250235081012,0.0,0.0,3.0
250173342004,0.0,0.0,0.0
250235081014,0.0,0.0,0.0
250235081015,0.0,0.0,0.0
250092532024,0.0,0.0,0.0
250092532023,0.0,0.0,0.0
250235081021,0.0,0.0,0.0
250092532031,0.0,3.0,3.0
250092532032,3.0,4.0,4.0
250235251012,4.0,4.0,4.0
250092532041,0.0,1.0,1.0
250092532042,0.0,0.0,0.0
250092532043,0.0,0.0,0.0
250092061002,0.0,0.0,3.0
250092532051,16.0,16.0,16.0
250092532052,5.0,5.0,5.0
250235421012,0.0,0.0,0.0
250173383001,3.0,3.0,6.0
250173383002,3.0,3.0,3.0
250173383003,0.0,0.0,0.0
250092102002,0.0,1.0,1.0
250092102003,0.0,4.0,4.0
250092059001,7.0,7.0,7.0
250092059002,0.0,4.0,3.0
250092059003,0.0,0.0,1.0
250173381001,3.0,3.0,3.0
250173381002,3.0,3.0,3.0
250173125013,3.0,3.0,3.0
250092057002,6.0,6.0,6.0
250092057005,3.0,3.0,3.0
250251801013,0.0,0.0,0.0
250092526011,3.0,3.0,3.0
250173123003,0.0,0.0,0.0
250173422011,0.0,0.0,0.0
250173422012,0.0,0.0,1.0
250250904002,0.0,0.0,0.0
330151064002,0.0,0.0,0.0
250092526023,3.0,3.0,3.0
250092141001,3.0,3.0,3.0
250092141002,3.0,3.0,3.0
250092141003,3.0,3.0,3.0
250092610002,3.0,3.0,3.0
250092610003,3.0,3.0,3.0
250092055001,0.0,0.0,0.0
330170860002,0.0,0.0,0.0
250173164004,3.0,3.0,3.0
250235202023,4.0,4.0,4.0
330151062001,0.0,0.0,0.0
250173334002,3.0,3.0,3.0
250173334003,0.0,0.0,3.0
330151062003,0.0,0.0,0.0
250173334005,0.0,0.0,0.0
330151062002,0.0,0.0,0.0
330151062004,0.0,0.0,0.0
250173547001,3.0,3.0,3.0
330150550011,3.0,3.0,3.0
330150038011,0.0,0.0,0.0
250214081022,0.0,0.0,1.0
250214081023,3.0,3.0,3.0
250092608001,0.0,0.0,0.0
250092651012,3.0,3.0,3.0
330150038021,0.0,0.0,0.0
250092053001,16.0,16.0,16.0
250092053002,0.0,3.0,1.0
250092651021,3.0,3.0,3.0
250173418001,0.0,0.0,0.0
250235114001,1.0,1.0,3.0
250235114002,0.0,0.0,3.0
250214421012,0.0,0.0,2.0
250173119002,0.0,0.0,0.0
250092522012,0.0,0.0,0.0
250173332001,0.0,0.0,0.0
250173332004,0.0,0.0,0.0
250235071013,0.0,0.0,3.0
250173162022,3.0,3.0,1.0
250092522021,0.0,0.0,1.0
250214421032,3.0,3.0,3.0
250092522022,0.0,0.0,0.0
250250814001,3.0,3.0,3.0
250092606002,3.0,3.0,3.0
250235454003,0.0,0.0,0.0
250235454004,0.0,0.0,0.0
250235454005,0.0,0.0,0.0
250235071032,5.0,5.0,5.0
250235411001,0.0,0.0,0.0
250092051001,3.0,3.0,1.0
250092051003,3.0,3.0,3.0
250092051004,8.0,8.0,8.0
250235411003,0.0,0.0,0.0
250092051002,3.0,3.0,3.0
250235071041,0.0,0.0,0.0
250173416003,0.0,1.0,2.0
250250003014,0.0,0.0,0.0
250173373001,3.0,8.0,8.0
250092221002,3.0,3.0,3.0
250173373002,3.0,3.0,3.0
250173373003,3.0,3.0,3.0
250092221001,3.0,3.0,3.0
250250003022,3.0,3.0,3.0
250092221003,3.0,3.0,3.0
250250003021,0.0,0.0,0.0
250214034003,3.0,3.0,3.0
250173586004,3.0,3.0,3.0
250092092002,3.0,3.0,3.0
250235452003,0.0,0.0,0.0
250092092004,0.0,4.0,4.0
250235452004,0.0,0.0,0.0
250235452002,0.0,0.0,3.0
250173414002,0.0,0.0,1.0
250092518003,6.0,3.0,3.0
250092518004,4.0,4.0,4.0
250214161013,3.0,3.0,3.0
250092604022,0.0,0.0,0.0
250235110002,0.0,0.0,3.0
250173883001,0.0,0.0,0.0
250173584002,0.0,0.0,0.0
250173584003,0.0,0.0,1.0
250173584004,3.0,2.0,3.0
250173371011,0.0,1.0,2.0
250092219012,3.0,3.0,3.0
250092219011,0.0,0.0,0.0
250173371022,0.0,3.0,3.0
250251707023,3.0,3.0,3.0
250092219022,3.0,3.0,3.0
250251707025,0.0,0.0,0.0
250092602001,0.0,0.0,0.0
250251707022,3.0,3.0,3.0
250251707024,0.0,0.0,3.0
250092516001,1.0,1.0,3.0
250092516002,1.0,1.0,3.0
250250511011,0.0,0.0,0.0
250092047012,6.0,6.0,9.0
250092047011,3.0,3.0,3.0
250092047013,3.0,3.0,3.0
250214202023,0.0,0.0,1.0
250235108006,0.0,0.0,1.0
250173113001,0.0,0.0,0.0
250173113002,0.0,0.0,0.0
250092217002,3.0,3.0,3.0
250235108005,0.0,1.0,3.0
250235108004,0.0,0.0,1.0
250092047022,0.0,0.0,3.0
250235022002,3.0,3.0,3.0
250173838003,0.0,0.0,0.0
250173838005,0.0,0.0,0.0
250092131001,3.0,3.0,3.0
250092131003,8.0,8.0,8.0
250251705022,3.0,3.0,6.0
250250808012,0.0,2.0,3.0
250092514002,3.0,3.0,3.0
250250509011,0.0,0.0,0.0
250250509012,0.0,0.0,0.0
250235106003,3.0,3.0,3.0
250092514003,0.0,1.0,3.0
250092215002,3.0,3.0,3.0
250173154011,3.0,3.0,3.0
250173111002,0.0,0.0,0.0
250251404001,3.0,3.0,3.0
330150540002,3.0,3.0,3.0
330150540001,0.0,0.0,0.0
250173836003,0.0,0.0,0.0
250173836004,0.0,0.0,0.0
250173154022,0.0,0.0,1.0
250173836001,0.0,0.0,0.0
250251404003,0.0,0.0,0.0
250173281002,6.0,6.0,6.0
250092172011,6.0,10.0,10.0
250092172012,3.0,3.0,3.0
250251105012,0.0,1.0,3.0
250092172021,7.0,7.0,7.0
250092172023,3.0,4.0,2.0
250250507001,3.0,3.0,3.0
250250507002,0.0,0.0,0.0
250250507003,0.0,0.0,0.0
250092043002,0.0,0.0,4.0
250251105022,0.0,0.0,6.0
250235108002,0.0,0.0,0.0
250214112004,3.0,3.0,3.0
250235108003,1.0,1.0,2.0
250092213001,0.0,0.0,0.0
250235061022,0.0,0.0,0.0
250173748002,3.0,3.0,3.0
250251103011,3.0,3.0,3.0
250251402022,3.0,3.0,3.0
250250505001,0.0,0.0,0.0
330170846001,0.0,0.0,0.0
250235102004,6.0,6.0,6.0
250092211001,3.0,3.0,3.0
250173363001,0.0,1.0,2.0
250173363003,3.0,6.0,3.0
250173662012,0.0,0.0,0.0
250235401021,0.0,0.0,0.0
250092041022,3.0,3.0,3.0
250173363006,1.0,3.0,3.0
250092041021,0.0,0.0,0.0
250173832001,1.0,2.0,2.0
250092211002,0.0,0.0,0.0
250173662022,0.0,0.0,0.0
250092082001,2.0,3.0,3.0
250092082002,3.0,3.0,1.0
250092082003,3.0,3.0,3.0
250092082004,0.0,0.0,0.0
250173746001,3.0,3.0,3.0
250173746004,0.0,0.0,3.0
250250503001,0.0,0.0,0.0
250250503002,0.0,0.0,1.0
330150620001,0.0,0.0,0.0
330170844003,0.0,0.0,0.0
330170801002,0.0,0.0,1.0
250173361002,0.0,0.0,1.0
250173361003,0.0,3.0,3.0
250092506003,3.0,3.0,3.0
250250501013,0.0,0.0,0.0
250173103002,0.0,0.0,0.0
250173103003,0.0,0.0,0.0
250173871004,3.0,3.0,3.0
250173871003,2.0,1.0,3.0
330151001001,3.0,3.0,3.0
250235012011,3.0,3.0,3.0
250235012012,5.0,5.0,5.0
330151001003,3.0,3.0,3.0
250173742003,4.0,4.0,4.0
250214104001,0.0,0.0,0.0
250214104002,0.0,0.0,0.0
250214104003,0.0,0.0,0.0
250251011012,0.0,0.0,0.0
250251011013,0.0,0.0,0.0
250214104004,0.0,0.0,0.0
250173400002,3.0,3.0,3.0
250251011024,3.0,3.0,6.0
250092631003,0.0,0.0,0.0
250235309021,3.0,3.0,3.0
250235309022,3.0,3.0,3.0
250214061023,3.0,3.0,3.0
250173740001,6.0,6.0,6.0
250173740002,3.0,3.0,3.0
250173142001,0.0,0.0,0.0
250173142002,0.0,0.0,0.0
250173142003,0.0,0.0,0.0
250092502001,3.0,3.0,3.0
250235307002,0.0,0.0,0.0
250250923003,0.0,0.0,0.0
250092033021,0.0,0.0,2.0
250092033022,0.0,0.0,3.0
250173824002,0.0,0.0,0.0
250235051023,0.0,0.0,0.0
250235051024,0.0,0.0,0.0
250173738001,3.0,3.0,3.0
250235221012,3.0,3.0,3.0
250235221013,0.0,0.0,0.0
250251605015,0.0,0.0,1.0
250214143003,4.0,4.0,4.0
250235221022,3.0,3.0,3.0
250092031006,0.0,0.0,1.0
250092031007,0.0,0.0,1.0
250092543011,9.0,8.0,9.0
250092543012,5.0,5.0,5.0
250235305005,3.0,3.0,3.0
250092543021,0.0,2.0,1.0
250092543022,3.0,3.0,3.0
250173652013,0.0,0.0,3.0
250173822002,3.0,3.0,3.0
250173353011,3.0,3.0,3.0
250173353012,0.0,0.0,1.0
250092201012,0.0,0.0,0.0
250092201014,0.0,0.0,0.0
250250921015,0.0,0.0,0.0
250251603001,0.0,0.0,0.0
250251603002,0.0,0.0,0.0
250173353021,3.0,3.0,3.0
250173353022,3.0,3.0,3.0
250173353023,0.0,1.0,2.0
250092072002,0.0,3.0,2.0
250092541001,0.0,0.0,0.0
250092541002,0.0,0.0,0.0
250092541003,5.0,3.0,7.0
250092541004,7.0,1.0,9.0
250092541005,5.0,5.0,5.0
250251005005,3.0,3.0,3.0
250251005004,0.0,0.0,0.0
250251005001,0.0,0.0,0.0
250251005002,0.0,0.0,0.0
250251005003,0.0,0.0,0.0
250173181004,3.0,3.0,3.0
250214141004,4.0,4.0,4.0
250250919002,0.0,0.0,0.0
250250919003,0.0,0.0,0.0
250173351002,3.0,3.0,3.0
330150610013,0.0,0.0,0.0
330150610012,0.0,0.0,0.0
330150610011,0.0,0.0,0.0
250173564005,0.0,2.0,2.0
250173564006,3.0,3.0,3.0
250173564007,3.0,3.0,3.0
250173564008,3.0,3.0,3.0
250092113001,6.0,6.0,14.0
250092113003,0.0,2.0,14.0
250173734001,3.0,2.0,3.0
250092070001,0.0,3.0,2.0
250251302003,0.0,0.0,1.0
250214225012,3.0,3.0,3.0
250251003001,0.0,0.0,0.0
250251003003,0.0,0.0,0.0
250251304061,0.0,0.0,1.0
250173392006,3.0,3.0,3.0
250235301002,0.0,0.0,0.0
250173861002,0.0,0.0,3.0
250092111001,3.0,3.0,3.0
250092111002,0.0,0.0,1.0
250173732001,0.0,0.0,3.0
250092068001,0.0,0.0,1.0
250173732003,4.0,3.0,6.0
250092068002,0.0,3.0,3.0
330150692002,0.0,0.0,0.0
250251001002,0.0,0.0,2.0
250251001003,0.0,0.0,0.0
250251001004,0.0,0.0,0.0
250251001005,0.0,0.0,0.0
250251001007,0.0,0.0,0.0
250214051001,3.0,3.0,3.0
330151075002,0.0,0.0,0.0
330170830015,0.0,0.0,0.0
250214221001,5.0,5.0,5.0
250092109001,6.0,8.0,8.0
250092621003,3.0,3.0,3.0
250092109003,0.0,3.0,3.0
250092621002,0.0,0.0,0.0
250092621001,3.0,3.0,3.0
250092066001,0.0,3.0,1.0
250250104032,3.0,2.0,3.0
250214178021,3.0,3.0,3.0
250250104041,0.0,2.0,1.0
250235041011,0.0,0.0,0.0
250235041012,0.0,0.0,0.0
250235041013,0.0,0.0,0.0
250092107001,0.0,0.0,4.0
250092107002,3.0,3.0,6.0
250092107003,0.0,0.0,2.0
250235041021,0.0,0.0,0.0
250235041022,0.0,0.0,1.0
250235041023,0.0,0.0,0.0
250214561022,6.0,6.0,6.0
250092064004,0.0,1.0,1.0
250235082001,3.0,3.0,3.0
250235082002,0.0,0.0,0.0
250092021011,3.0,3.0,3.0
250173173011,0.0,0.0,0.0
250092021012,4.0,4.0,4.0
250214176022,4.0,4.0,4.0
250214176023,3.0,3.0,3.0
250173343001,2.0,17.0,17.0
250173343002,3.0,3.0,7.0
250173343003,3.0,3.0,15.0
250173343004,0.0,0.0,18.0
250173173021,4.0,4.0,4.0
250092105001,0.0,0.0,0.0
250092105002,0.0,0.0,20.0
250092105003,0.0,8.0,8.0
250092105004,0.0,0.0,0.0
250173513001,0.0,3.0,1.0
250092062001,3.0,3.0,3.0
250092531004,0.0,0.0,3.0
250173683004,5.0,5.0,5.0
250173384001,8.0,8.0,8.0
250173384002,6.0,6.0,6.0
250173171011,0.0,0.0,0.0
250173384004,0.0,2.0,3.0
330150600001,0.0,0.0,0.0
330150600002,0.0,0.0,0.0
250173341001,4.0,4.0,4.0
250173341002,0.0,0.0,3.0
250173341003,9.0,9.0,9.0
250235252042,3.0,3.0,3.0
250173171021,0.0,0.0,0.0
250235252041,3.0,3.0,3.0
250173382001,0.0,0.0,1.0
250092101001,3.0,3.0,3.0
250092101002,0.0,3.0,1.0
250092101003,0.0,5.0,5.0
250092101004,3.0,6.0,6.0
250250821003,3.0,3.0,3.0
250251802001,0.0,0.0,0.0
250092058002,3.0,3.0,3.0
250092058003,3.0,3.0,3.0
250092056001,3.0,3.0,1.0
250092056003,0.0,3.0,3.0
250092056004,0.0,3.0,3.0
250092611012,0.0,0.0,0.0
250092611013,0.0,0.0,0.0
250173165004,6.0,6.0,6.0
250173122001,0.0,0.0,0.0
250235117011,3.0,3.0,3.0
250092525012,3.0,3.0,3.0
250092525011,3.0,3.0,3.0
250251202012,3.0,3.0,3.0
250092525023,0.0,0.0,2.0
250250604001,0.0,1.0,3.0
250235031011,0.0,0.0,0.0
250235031012,0.0,0.0,0.0
250235031013,5.0,5.0,5.0
250173335013,0.0,0.0,0.0
250173335012,0.0,0.0,0.0
250235201001,3.0,3.0,3.0
250092609001,0.0,0.0,0.0
250092609003,6.0,6.0,6.0
250092609002,0.0,0.0,0.0
250235031021,0.0,0.0,0.0
250235031022,3.0,3.0,3.0
250235031023,3.0,3.0,3.0
250235031024,0.0,0.0,0.0
250235031025,0.0,0.0,0.0
250092054001,0.0,0.0,12.0
250092054002,0.0,1.0,6.0
250092054003,3.0,6.0,6.0
250173335021,6.0,6.0,6.0
250092011001,3.0,3.0,3.0
250092523002,0.0,0.0,4.0
250092523003,0.0,0.0,0.0
250214422011,0.0,0.0,0.0
250173163005,5.0,5.0,5.0
250214123001,3.0,3.0,3.0
250214422012,0.0,0.0,0.0
250173120002,0.0,0.0,0.0
250173333001,0.0,0.0,0.0
250173333002,0.0,0.0,0.0
250173333003,0.0,0.0,0.0
250092181004,3.0,3.0,3.0
250092181003,0.0,3.0,3.0
250092181001,3.0,3.0,3.0
330150037011,0.0,0.0,0.0
250092607001,3.0,3.0,3.0
250092607002,0.0,0.0,0.0
250173503001,0.0,1.0,0.0
330151061021,3.0,3.0,3.0
250092052002,3.0,3.0,3.0
250092052005,10.0,10.0,10.0
330150037031,0.0,0.0,0.0
330150037032,0.0,0.0,0.0
250250004011,3.0,3.0,3.0
250214121003,3.0,3.0,3.0
250173118002,0.0,0.0,0.0
330150590002,0.0,0.0,0.0
330150590003,0.0,0.0,0.0
250235113011,0.0,0.0,3.0
250235113013,2.0,3.0,3.0
250250004023,3.0,3.0,3.0
250173331001,0.0,0.0,0.0
250173587002,0.0,2.0,3.0
250173331003,0.0,0.0,0.0
250092521021,3.0,3.0,3.0
250173331005,0.0,0.0,0.0
250092521023,3.0,3.0,3.0
250092521022,0.0,0.0,1.0
250235453001,0.0,0.0,0.0
250092605002,6.0,6.0,6.0
250235453002,0.0,0.0,0.0
250092605001,0.0,0.0,0.0
250214162006,0.0,0.0,3.0
250214162007,0.0,0.0,3.0
250235111001,3.0,3.0,3.0
250173415003,0.0,0.0,0.0
250173415004,0.0,0.0,1.0
250173415005,0.0,0.0,1.0
250235111003,0.0,0.0,1.0
250173116001,0.0,0.0,0.0
250173116002,0.0,0.0,0.0
250173116004,0.0,0.0,0.0
250251708004,3.0,3.0,3.0
250173585001,0.0,0.0,2.0
250173372012,3.0,3.0,3.0
250173372021,3.0,3.0,3.0
250092091001,0.0,3.0,3.0
250092091002,0.0,0.0,0.0
250092091003,3.0,3.0,6.0
250092091004,0.0,4.0,4.0
250092091005,0.0,0.0,0.0
250235451001,0.0,0.0,0.0
250235451002,0.0,0.0,0.0
250235451004,0.0,0.0,0.0
250235451003,0.0,0.0,0.0
250250512002,0.0,0.0,0.0
250250512003,0.0,0.0,0.0
250092603012,0.0,0.0,0.0
250092603013,0.0,0.0,0.0
250092517001,3.0,3.0,3.0
250235109002,0.0,0.0,4.0
250214203023,4.0,4.0,4.0
250173114003,0.0,0.0,0.0
250092175003,0.0,3.0,3.0
250092175004,0.0,1.0,3.0
250251706013,0.0,0.0,0.0
250092175005,0.0,1.0,1.0
250092601001,0.0,0.0,0.0
250092601002,0.0,0.0,0.0
250173839021,0.0,0.0,3.0
250173839022,0.0,0.0,0.0
330150670001,3.0,3.0,3.0
330150670002,0.0,0.0,0.0
250250510003,0.0,0.0,0.0
330150670003,0.0,3.0,3.0
330150670004,0.0,0.0,0.0
250092046002,3.0,3.0,3.0
250173155005,3.0,3.0,3.0
250235107005,0.0,0.0,1.0
250173112001,0.0,0.0,0.0
250173112002,0.0,0.0,0.0
250092216001,0.0,0.0,0.0
250251704004,0.0,3.0,3.0
250173411013,0.0,0.0,1.0
250173837001,4.0,4.0,4.0
250092173002,3.0,9.0,9.0
250173581003,4.0,4.0,4.0
250173837004,0.0,0.0,0.0
250173411021,3.0,3.0,3.0
250173837003,0.0,0.0,0.0
250092173005,0.0,0.0,2.0
250235021011,3.0,4.0,4.0
250235021012,0.0,1.0,0.0
250235021014,0.0,0.0,0.0
250251106011,0.0,3.0,3.0
250235021021,5.0,5.0,5.0
250235021023,0.0,0.0,0.0
250092044001,3.0,3.0,3.0
330150625002,0.0,0.0,0.0
250092214001,0.0,0.0,0.0
250251702004,0.0,0.0,1.0
250214412021,0.0,0.0,3.0
250173323001,5.0,5.0,1.0
330151051002,0.0,0.0,0.0
250173323003,3.0,3.0,3.0
250173323004,3.0,3.0,3.0
330151051004,3.0,3.0,3.0
250251403006,3.0,3.0,3.0
250214412031,0.0,0.0,0.0
250214412032,0.0,0.0,0.0
250214113022,0.0,0.0,0.0
250251403001,0.0,0.0,0.0
250251403005,0.0,0.0,0.0
250173835012,0.0,0.0,0.0
250235062021,0.0,0.0,0.0
250173835013,3.0,3.0,3.0
250214412041,6.0,6.0,6.0
250214197002,6.0,6.0,6.0
250214412042,0.0,0.0,0.0
250251104011,0.0,0.0,2.0
250250506001,0.0,0.0,0.0
250092042002,0.0,3.0,3.0
250092042003,3.0,3.0,3.0
250251106072,3.0,3.0,3.0
250173321001,0.0,3.0,1.0
250173321002,0.0,2.0,2.0
250173833001,0.0,3.0,3.0
250173833002,3.0,6.0,3.0
250173364021,0.0,3.0,1.0
250173364022,0.0,3.0,1.0
250173364023,0.0,3.0,1.0
250173364024,3.0,3.0,3.0
250214195001,3.0,3.0,3.0
250214195002,3.0,3.0,3.0
250251102011,0.0,0.0,3.0
250173747002,0.0,1.0,3.0
250173747001,0.0,0.0,3.0
250251401021,3.0,3.0,3.0
250250504002,0.0,0.0,0.0
250173661001,0.0,0.0,0.0
250235101001,2.0,3.0,3.0
250173661004,3.0,3.0,3.0
250251401051,3.0,3.0,3.0
250173106021,3.0,3.0,3.0
250173106023,0.0,0.0,0.0
250173106024,0.0,0.0,0.0
250235441001,3.0,3.0,3.0
250250801001,4.0,6.0,6.0
250173745003,3.0,2.0,3.0
250173745004,0.0,0.0,3.0
250173745002,0.0,0.0,3.0
250173831022,0.0,0.0,1.0
250235441003,3.0,3.0,3.0
250251401071,0.0,0.0,0.0
250250502001,0.0,0.0,0.0
250250502002,0.0,0.0,0.0
250092081011,3.0,3.0,3.0
250250502004,0.0,0.0,1.0
250092081013,3.0,3.0,1.0
250092081014,3.0,3.0,3.0
250092081012,6.0,6.0,6.0
330170802031,0.0,0.0,1.0
250235611001,0.0,0.0,0.0
250235611003,0.0,0.0,0.0
250235611004,0.0,0.0,0.0
250092081021,6.0,6.0,3.0
250173573002,1.0,3.0,3.0
330151002003,3.0,3.0,3.0
330150570001,0.0,0.0,0.0
250214191001,3.0,3.0,3.0
250214021022,3.0,3.0,3.0
330150660003,0.0,0.0,1.0
250092505003,3.0,3.0,3.0
330170841004,0.0,0.0,0.0
250173102002,0.0,0.0,0.0
250235011013,3.0,3.0,3.0
250173741002,0.0,0.0,2.0
250235011023,3.0,3.0,3.0
250235011024,3.0,3.0,3.0
250214103001,0.0,0.0,0.0
250214103002,0.0,0.0,0.0
250251010011,3.0,3.0,3.0
250251010013,3.0,3.0,3.0
250251010016,3.0,3.0,3.0
250250924001,3.0,3.0,3.0
250250924003,0.0,0.0,0.0
250173143011,3.0,3.0,3.0
250173143013,3.0,3.0,3.0
250251010021,0.0,0.0,0.0
250173143015,3.0,3.0,3.0
250092161002,0.0,3.0,3.0
250235308011,0.0,0.0,1.0
250235308012,0.0,0.0,1.0
250235308023,0.0,0.0,0.0
